Year,DriverId,TeamId,Location,Round,RoundsCompleted,RoundsRemaining,DriverAge,CareerSeasonsRaced,CareerRoundsRaced,TeamSeasonsWithCurrentTeam,TeamRoundsWithCurrentTeam,PointsEarnedThisRound,DNFsThisRound,DriverFaultDNFsThisRound,MechanicalDNFsThisRound,DriverFaultDNFRate,MechanicalDNFRate,TeammateId,TeammatePointsGap,TeammateGapTrend,BeatTeammateThisRound,BeatTeammateRate,PositionsGainedThisRound,AvgPositionsGained,RecentPositionsGained,PositionFormRatio,HasQualifyingData,QualifyingPosition,AvgQualifyingPosition,QualifyingGapToTeammate,GridPenaltyPositions,PointsLast3Rounds,DNFsLast3Rounds,DNFRate,AvgGridPosition,AvgPosition,AvgPointsPerRace,TotalPointFinishes,FormRatio,Consistency,TotalPodiums,TotalPoints,ProjectedSeasonTotalPoints,RelativePointsShare,CurrentRankAfterRound,PercentileRankAfterRound,DriverPointsShareOfTeam,TeamTotalPoints,TeamAvgPointsPerRace,TeamFormRatio,TeamConsistency,TeamDNFRate,TeamProjectedSeasonTotalPoints,TeamRelativePointsShare,TeamCurrentRankAfterRound,TeamPercentileRankAfterRound,CurrentRank
2026,colapinto,alpine,Melbourne,1,0,22,23.096509240246405,2,27,1,18,0.0,0,0,0,0.0,0.0,gasly,-1.0,0.0,0,0.0,2.0,2.0,2.0,0.9999999285714337,1,16.0,16.0,-2.0,0.0,0.0,0.0,0.0,16.0,14.0,0.0,0,0.0,1.0,0,0.0,0.0,0.0,11,0.5238095238095238,0.0,1.0,1.0,0.33333322222225925,1.0,0.0,13.0,0.009900990099009901,8,0.30000000000000004,12
2026,colapinto,alpine,Shanghai,2,1,21,23.096509240246405,2,28,1,19,1.0,0,0,0,0.0,0.0,gasly,-7.0,0.0,0,0.0,2.0,2.0,2.0,0.9999999230769291,1,12.0,14.0,-5.0,2.0,1.0,0.0,0.0,15.0,13.0,0.5,1,0.6666662222225186,0.4142140476540673,0,1.0,11.5,0.004201680672268907,12,0.47619047619047616,0.1,10.0,5.0,0.6666666222222252,0.46918165659031225,0.0,65.0,0.04201680672268908,6,0.5,12
2026,colapinto,alpine,Suzuka,3,2,20,23.096509240246405,2,29,1,20,0.0,0,0,0,0.0,0.0,gasly,-6.0,0.0,0,0.0,-1.0,1.0,1.0,0.9999999285714337,1,15.0,14.333333333333334,-8.0,0.0,1.0,0.0,0.0,15.0,14.0,0.3333333333333333,1,0.9999990000010001,0.36602609993609686,0,1.0,7.666666666666666,0.0029498525073746312,13,0.4285714285714286,0.0625,16.0,5.333333333333333,0.9999999375000038,0.5689019684828779,0.0,69.33333333333333,0.0471976401179941,5,0.6,12
2026,colapinto,alpine,Miami Gardens,4,3,19,23.096509240246405,2,30,1,21,6.0,0,0,0,0.0,0.0,gasly,5.0,6.0,1,0.25,-0.5,0.625,0.16666666666666666,1.0376711475886728,1,8.0,12.75,1.0,0.0,7.0,0.0,0.0,13.25,12.625,1.75,2,1.3333330793651277,0.37860106276726685,0,7.0,40.25,0.014705882352941176,10,0.5714285714285714,0.30434782608695654,23.0,5.75,1.2753622449065365,0.6281798840675468,0.25,74.75,0.04831932773109244,5,0.6,12
2026,colapinto,alpine,Montréal,5,4,18,23.096509240246405,2,31,1,22,8.0,0,0,0,0.0,0.0,gasly,4.0,11.0,1,0.4,4.0,1.3,0.8333333333333334,1.0874998980468846,1,10.0,12.2,4.0,1.5,14.0,0.0,0.0,12.9,11.6,3.0,3,1.5555553827160686,0.44499451438914844,0,15.0,69.0,0.024469820554649267,11,0.5238095238095238,0.42857142857142855,35.0,7.0,1.1904761337868508,0.6327958973111613,0.2,91.0,0.057096247960848286,5,0.6,12
2026,colapinto,alpine,Monaco,6,5,17,23.096509240246405,2,32,1,23,0.0,0,0,0,0.0,0.0,gasly,-15.0,-9.0,0,0.3333333333333333,0.0,1.0833333333333333,1.1666666666666667,1.199999880000012,1,14.0,12.5,-5.0,0.0,14.0,0.0,0.0,13.083333333333334,12.0,2.5,3,1.866666417777811,0.44499451438914844,0,15.0,66.0,0.02100840336134454,11,0.5238095238095238,0.3,50.0,8.333333333333334,1.359999945600002,0.7258533015085479,0.16666666666666666,118.60000000000001,0.0700280112044818,5,0.6,12
2026,colapinto,alpine,Barcelona,7,6,16,23.096509240246405,2,33,1,24,1.0,0,0,0,0.0,0.0,gasly,-5.0,-10.0,0,0.2857142857142857,3.0,1.3571428571428572,2.3333333333333335,1.115646152251387,1,13.0,12.571428571428571,1.0,0.0,9.0,0.0,0.0,13.071428571428571,11.714285714285714,2.2857142857142856,4,1.312499808593778,0.44499451438914844,0,16.0,64.0,0.0196319018404908,12,0.47619047619047616,0.2807017543859649,57.0,8.142857142857142,1.3918128085222827,0.7061552155408959,0.14285714285714285,113.4,0.06993865030674846,5,0.6,12
2026,colapinto,alpine,Spielberg,8,7,15,23.096509240246405,2,34,1,25,0.0,0,0,0,0.0,0.0,gasly,0.0,-4.0,0,0.25,1.0,1.3125,1.3333333333333333,0.9326922359467511,1,16.0,13.0,-5.0,0.0,1.0,0.0,0.0,13.4375,12.125,2.0,4,0.16666663888889352,0.44499451438914844,0,16.0,61.0,0.017467248908296942,11,0.5238095238095238,0.2807017543859649,57.0,7.125,1.0292397179303054,0.589148572250904,0.125,98.0,0.06222707423580786,5,0.6,12
2026,colapinto,alpine,Silverstone,9,8,14,23.096509240246405,2,35,1,26,2.0,0,0,0,0.0,0.0,gasly,1.0,16.0,0,0.2222222222222222,6.0,1.8333333333333333,3.3333333333333335,1.009389586060974,1,19.0,13.666666666666666,-7.0,-2.5,3.0,0.0,0.0,13.777777777777779,11.944444444444445,2.0,5,0.49999991666668053,0.3966366234812125,0,18.0,48.800000000000004,0.017094017094017096,12,0.47619047619047616,0.3,60.0,6.666666666666667,0.4999999750000012,0.5445701791759205,0.1111111111111111,89.6,0.05698005698005698,5,0.6,12
2026,colapinto,alpine,Spa-Francorchamps,10,9,13,23.096509240246405,2,36,1,27,1.0,0,0,0,0.0,0.0,gasly,1.0,6.0,1,0.3,1.0,1.75,2.6666666666666665,0.992957662566958,1,13.0,13.6,-1.0,-2.0,3.0,0.0,0.0,13.5,11.75,1.9,6,0.5263156971375971,0.4888006661306931,0,19.0,29.4,0.016464471403812825,12,0.47619047619047616,0.3114754098360656,61.0,6.1,0.21857922302845778,0.46021042361024644,0.1,76.6,0.05285961871750433,5,0.6,12
2026,colapinto,alpine,Budapest,11,10,12,23.096509240246405,2,37,1,28,0.0,0,0,0,0.0,0.0,gasly,0.0,0.0,0,0.2727272727272727,-2.0,1.4090909090909092,1.6666666666666667,1.0179256502137095,1,13.0,13.545454545454545,-1.0,0.0,3.0,0.0,0.0,13.454545454545455,12.045454545454545,1.7272727272727273,6,0.5789472566943891,0.4888006661306931,0,19.0,28.6,0.015139442231075698,12,0.47619047619047616,0.3114754098360656,61.0,5.545454545454546,0.2404371440174394,0.4272197303092325,0.09090909090909091,65.4,0.04860557768924303,6,0.5,12
2026,colapinto,alpine,Zandvoort,12,11,11,23.096509240246405,2,38,1,29,0.0,0,0,0,0.0,0.0,gasly,-2.0,-3.0,0,0.25,0.5,1.3333333333333333,-0.16666666666666666,0.9572367665339396,1,14.0,13.583333333333334,-3.0,-0.5,1.0,0.0,0.0,13.458333333333334,12.125,1.5833333333333333,6,0.21052627146815336,0.4014920245840263,0,19.0,25.6,0.014350453172205438,10,0.5714285714285714,0.30158730158730157,63.0,5.25,0.19047617838246486,0.4792639666235235,0.08333333333333333,64.2,0.04525862068965517,6,0.5,12
2026,colapinto,alpine,Monza,13,12,10,23.096509240246405,2,39,1,30,2.0,0,0,0,0.0,0.0,gasly,-4.0,-5.0,0,0.23076923076923078,-2.0,1.0769230769230769,-1.1666666666666667,0.9636173854863243,1,8.0,13.153846153846153,-7.0,-1.0,2.0,0.0,0.0,12.961538461538462,11.884615384615385,1.6153846153846154,7,0.41269832753844027,0.500000249999875,0,21.0,31.0,0.014736842105263158,11,0.5238095238095238,0.29577464788732394,71.0,5.461538461538462,0.6103286012475501,0.4734143048088419,0.07692307692307693,71.0,0.047555257870060284,5,0.6,12
2026,gasly,alpine,Melbourne,1,0,22,30.39561943874059,8,173,3,70,1.0,0,0,0,0.0,0.0,colapinto,1.0,0.0,1,1.0,4.0,4.0,4.0,0.99999990000001,1,14.0,14.0,2.0,0.0,1.0,0.0,0.0,14.0,10.0,1.0,1,0.33333322222225925,1.0,0,1.0,23.0,0.009900990099009901,10,0.5714285714285714,1.0,1.0,1.0,0.33333322222225925,1.0,0.0,13.0,0.009900990099009901,8,0.30000000000000004,9
2026,gasly,alpine,Shanghai,2,1,21,30.39561943874059,8,174,3,71,8.0,0,0,0,0.0,0.0,colapinto,7.0,0.0,1,1.0,-1.5,1.25,1.25,0.9999998918919036,1,7.0,10.5,5.0,0.0,9.0,0.0,0.0,10.5,9.25,4.5,2,0.6666666172839543,0.4762032571652956,0,9.0,103.5,0.037815126050420166,7,0.7142857142857143,0.9,10.0,5.0,0.6666666222222252,0.46918165659031225,0.0,65.0,0.04201680672268908,6,0.5,9
2026,gasly,alpine,Suzuka,3,2,20,30.39561943874059,8,175,3,72,6.0,0,0,0,0.0,0.0,colapinto,6.0,0.0,1,1.0,0.0,0.8333333333333334,0.8333333333333334,0.9999998823529551,1,7.0,9.333333333333334,8.0,0.0,15.0,0.0,0.0,9.333333333333334,8.5,5.0,3,0.9999999333333378,0.581020350577141,0,15.0,115.0,0.04424778761061947,8,0.6666666666666667,0.9375,16.0,5.333333333333333,0.9999999375000038,0.5689019684828779,0.0,69.33333333333333,0.0471976401179941,5,0.6,9
2026,gasly,alpine,Miami Gardens,4,3,19,30.39561943874059,8,176,3,73,1.0,1,0,1,0.0,0.25,colapinto,-5.0,-6.0,0,0.75,-5.0,-0.625,-2.1666666666666665,0.99999990000001,1,9.0,9.25,-1.0,0.5,15.0,1.0,0.25,9.375,10.0,4.0,4,1.249999895833342,0.529168761474764,0,16.0,92.0,0.03361344537815126,8,0.6666666666666667,0.6956521739130435,23.0,5.75,1.2753622449065365,0.6281798840675468,0.25,74.75,0.04831932773109244,5,0.6,9
2026,gasly,alpine,Montréal,5,4,18,30.39561943874059,8,177,3,74,4.0,0,0,0,0.0,0.2,colapinto,-4.0,-11.0,0,0.6,3.0,0.1,-0.6666666666666666,0.9126759792104807,1,14.0,10.2,-4.0,3.0,11.0,1.0,0.2,10.9,10.8,4.0,5,0.9166665902777842,0.564795752844532,0,20.0,92.0,0.03262642740619902,8,0.6666666666666667,0.5714285714285714,35.0,7.0,1.1904761337868508,0.6327958973111613,0.2,91.0,0.057096247960848286,5,0.6,9
2026,gasly,alpine,Monaco,6,5,17,30.39561943874059,8,178,3,75,15.0,0,0,0,0.0,0.16666666666666666,colapinto,15.0,9.0,1,0.6666666666666666,6.0,1.0833333333333333,1.3333333333333333,0.9047618185941125,1,9.0,10.0,5.0,0.0,20.0,1.0,0.16666666666666666,10.583333333333334,9.5,5.833333333333333,6,1.142857077551024,0.5637035508346446,1,35.0,150.6,0.049019607843137254,7,0.7142857142857143,0.7,50.0,8.333333333333334,1.359999945600002,0.7258533015085479,0.16666666666666666,118.60000000000001,0.0700280112044818,5,0.6,9
2026,gasly,alpine,Barcelona,7,6,16,30.39561943874059,8,179,3,76,6.0,0,0,0,0.0,0.14285714285714285,colapinto,5.0,10.0,1,0.7142857142857143,7.0,1.9285714285714286,5.333333333333333,1.142857000000018,1,14.0,10.571428571428571,-1.0,0.0,25.0,0.0,0.14285714285714285,11.071428571428571,9.142857142857142,5.857142857142857,7,1.4227641466719592,0.5505405055235851,1,41.0,143.4,0.05030674846625767,8,0.6666666666666667,0.7192982456140351,57.0,8.142857142857142,1.3918128085222827,0.7061552155408959,0.14285714285714285,113.4,0.06993865030674846,5,0.6,9
2026,gasly,alpine,Spielberg,8,7,15,30.39561943874059,8,180,3,77,0.0,0,0,0,0.0,0.125,colapinto,0.0,4.0,1,0.75,-2.0,1.4375,3.6666666666666665,1.255434618856354,1,11.0,10.625,5.0,0.0,21.0,0.0,0.125,11.0625,9.625,5.125,7,1.365853569700581,0.4653266104649419,1,41.0,119.0,0.04475982532751092,8,0.6666666666666667,0.7192982456140351,57.0,7.125,1.0292397179303054,0.589148572250904,0.125,98.0,0.06222707423580786,5,0.6,9
2026,gasly,alpine,Silverstone,9,8,14,30.39561943874059,8,181,3,78,1.0,0,0,0,0.0,0.1111111111111111,colapinto,-1.0,-16.0,0,0.6666666666666666,2.5,1.5555555555555556,2.5,0.9562840589447374,1,12.0,10.777777777777779,7.0,1.0,7.0,0.0,0.1111111111111111,11.277777777777779,9.722222222222221,4.666666666666667,8,0.49999996428571686,0.4653266104649419,1,42.0,114.8,0.039886039886039885,9,0.6190476190476191,0.7,60.0,6.666666666666667,0.4999999750000012,0.5445701791759205,0.1111111111111111,89.6,0.05698005698005698,5,0.6,9
2026,gasly,alpine,Spa-Francorchamps,10,9,13,30.39561943874059,8,182,3,79,0.0,0,0,0,0.0,0.1,colapinto,-1.0,-6.0,0,0.6,-1.0,1.3,-0.16666666666666666,0.85652166465029,1,12.0,10.9,1.0,-2.0,1.0,0.0,0.1,11.15,9.85,4.2,8,0.07936507306626404,0.40640996654054984,1,42.0,99.2,0.036395147313691506,9,0.6190476190476191,0.6885245901639344,61.0,6.1,0.21857922302845778,0.46021042361024644,0.1,76.6,0.05285961871750433,5,0.6,9
2026,gasly,alpine,Budapest,11,10,12,30.39561943874059,8,183,3,80,0.0,0,0,0,0.0,0.09090909090909091,colapinto,0.0,0.0,1,0.6363636363636364,0.0,1.1818181818181819,0.5,0.8995928638085089,1,12.0,11.0,1.0,0.0,1.0,0.0,0.09090909090909091,11.227272727272727,10.045454545454545,3.8181818181818183,8,0.08730157968002082,0.3493293662636405,1,42.0,58.8,0.03346613545816733,10,0.5714285714285714,0.6885245901639344,61.0,5.545454545454546,0.2404371440174394,0.4272197303092325,0.09090909090909091,65.4,0.04860557768924303,6,0.5,9
2026,gasly,alpine,Zandvoort,12,11,11,30.39561943874059,8,184,3,81,2.0,0,0,0,0.0,0.08333333333333333,colapinto,2.0,3.0,1,0.6666666666666666,0.5,1.125,-0.16666666666666666,0.9335936624755943,1,11.0,11.0,3.0,-1.5,2.0,0.0,0.08333333333333333,11.083333333333334,9.958333333333334,3.6666666666666665,9,0.1818181652892577,0.40149202458402633,1,44.0,50.6,0.03323262839879154,8,0.6666666666666667,0.6984126984126984,63.0,5.25,0.19047617838246486,0.4792639666235235,0.08333333333333333,64.2,0.04525862068965517,6,0.5,9
2026,gasly,alpine,Monza,13,12,10,30.39561943874059,8,185,3,82,6.0,0,0,0,0.0,0.07692307692307693,colapinto,4.0,5.0,1,0.6923076923076923,-6.0,0.5769230769230769,-1.8333333333333333,1.0425823058771704,1,1.0,10.23076923076923,7.0,0.0,8.0,0.0,0.07692307692307693,10.307692307692308,9.73076923076923,3.8461538461538463,10,0.6933332732444497,0.4195825188352536,1,50.0,68.0,0.03508771929824561,8,0.6666666666666667,0.704225352112676,71.0,5.461538461538462,0.6103286012475501,0.4734143048088419,0.07692307692307693,71.0,0.047555257870060284,5,0.6,9
2026,alonso,aston_martin,Melbourne,1,0,22,44.92265571526352,6,135,3,70,0.0,1,0,1,0.0,1.0,stroll,0.0,0.0,0,0.0,-1.0,-1.0,-1.0,0.9999999444444475,1,17.0,17.0,5.0,0.0,0.0,1.0,1.0,17.0,18.0,0.0,0,0.0,1.0,0,0.0,0.0,0.0,11,0.5238095238095238,0.5,0.0,0.0,0.0,1.0,1.0,0.0,0.0,9,0.19999999999999996,19
2026,alonso,aston_martin,Shanghai,2,1,21,44.92265571526352,6,136,3,71,0.0,1,0,1,0.0,1.0,stroll,0.0,0.0,1,0.5,1.0,0.0,0.0,0.9999999428571461,1,19.0,18.0,2.0,-1.0,0.0,2.0,1.0,17.5,17.5,0.0,0,0.0,1.0,0,0.0,0.0,0.0,13,0.4285714285714286,0.5,0.0,0.0,0.0,1.0,1.0,0.0,0.0,8,0.30000000000000004,19
2026,alonso,aston_martin,Suzuka,3,2,20,44.92265571526352,6,137,3,72,0.0,0,0,0,0.0,0.6666666666666666,stroll,0.0,0.0,1,0.6666666666666666,3.0,1.0,1.0,0.9999999433962296,1,21.0,19.0,1.0,0.0,0.0,2.0,0.6666666666666666,18.666666666666668,17.666666666666668,0.0,0,0.0,1.0,0,0.0,0.0,0.0,14,0.38095238095238093,0.5,0.0,0.0,0.0,1.0,1.0,0.0,0.0,8,0.30000000000000004,19
2026,alonso,aston_martin,Miami Gardens,4,3,19,44.92265571526352,6,138,3,73,0.0,0,0,0,0.0,0.5,stroll,0.0,0.0,1,0.75,3.5,1.625,2.5,1.0199999388000036,1,17.0,18.5,1.0,1.5,0.0,1.0,0.5,18.625,17.0,0.0,0,0.0,1.0,0,0.0,0.0,0.0,14,0.38095238095238093,0.5,0.0,0.0,0.0,1.0,0.75,0.0,0.0,10,0.09999999999999998,19
2026,alonso,aston_martin,Montréal,5,4,18,44.92265571526352,6,139,3,74,0.0,2,0,2,0.0,0.6,stroll,0.0,0.0,0,0.6,-4.0,0.5,0.8333333333333334,0.9888888339506203,1,19.0,18.6,2.0,-2.0,0.0,2.0,0.6,18.3,17.8,0.0,0,0.0,1.0,0,0.0,0.0,0.0,17,0.23809523809523814,0.5,0.0,0.0,0.0,1.0,0.8,0.0,0.0,10,0.09999999999999998,19
2026,alonso,aston_martin,Monaco,6,5,17,44.92265571526352,6,140,3,75,1.0,0,0,0,0.0,0.5,stroll,1.0,1.0,1,0.6666666666666666,11.0,2.25,3.5,1.0760868863421595,1,21.0,19.0,1.0,0.0,1.0,2.0,0.5,18.75,16.5,0.16666666666666666,1,1.999996000008,0.30901806200075566,0,1.0,4.4,0.0014005602240896359,17,0.23809523809523814,1.0,1.0,0.16666666666666666,1.999996000008,0.30901806200075566,0.8333333333333334,2.4000000000000004,0.0014005602240896359,10,0.09999999999999998,19
2026,alonso,aston_martin,Barcelona,7,6,16,44.92265571526352,6,141,3,76,0.0,1,0,1,0.0,0.5714285714285714,stroll,0.0,0.0,1,0.7142857142857143,3.0,2.357142857142857,3.3333333333333335,1.0114285107428607,1,22.0,19.428571428571427,-1.0,0.0,1.0,3.0,0.5714285714285714,19.214285714285715,16.857142857142858,0.14285714285714285,1,2.333327888901593,0.30901806200075566,0,1.0,4.2,0.001226993865030675,18,0.19047619047619047,1.0,1.0,0.14285714285714285,2.333327888901593,0.30901806200075566,0.8571428571428571,2.2,0.001226993865030675,10,0.09999999999999998,19
2026,alonso,aston_martin,Spielberg,8,7,15,44.92265571526352,6,142,3,77,0.0,0,0,0,0.0,0.5,stroll,0.0,0.0,1,0.75,3.0,2.4375,5.666666666666667,1.0851063137166184,1,21.0,19.625,1.0,0.0,1.0,1.0,0.5,19.4375,17.0,0.125,1,2.6666595555745185,0.30901806200075566,0,1.0,4.0,0.001091703056768559,17,0.23809523809523814,1.0,1.0,0.125,2.6666595555745185,0.30901806200075566,0.875,2.0,0.001091703056768559,10,0.09999999999999998,19
2026,alonso,aston_martin,Silverstone,9,8,14,44.92265571526352,6,143,3,78,0.0,0,0,0,0.0,0.4444444444444444,stroll,0.0,-1.0,1,0.7777777777777778,1.5,2.3333333333333335,2.5,0.9226189981930297,1,22.0,19.88888888888889,-1.0,-1.5,0.0,1.0,0.4444444444444444,19.555555555555557,17.22222222222222,0.1111111111111111,1,0.0,0.30901806200075566,0,1.0,3.8000000000000003,0.000949667616334283,16,0.2857142857142857,1.0,1.0,0.1111111111111111,0.0,0.30901806200075566,0.7777777777777778,1.8,0.000949667616334283,10,0.09999999999999998,19
2026,alonso,aston_martin,Spa-Francorchamps,10,9,13,44.92265571526352,6,144,3,79,0.0,0,0,0,0.0,0.4,stroll,0.0,0.0,1,0.8,3.0,2.4,2.5,0.9321428072066351,1,21.0,20.0,1.0,1.0,0.0,0.0,0.4,19.8,17.4,0.1,1,0.0,0.30901806200075566,0,1.0,3.6,0.0008665511265164644,18,0.19047619047619047,1.0,1.0,0.1,0.0,0.30901806200075566,0.8,1.6,0.0008665511265164644,9,0.19999999999999996,19
2026,alonso,aston_martin,Budapest,11,10,12,44.92265571526352,6,145,3,80,0.0,0,0,0,0.0,0.36363636363636365,stroll,0.0,0.0,0,0.7272727272727273,2.0,2.3636363636363638,2.1666666666666665,0.986013929128567,1,16.0,19.636363636363637,4.0,0.0,0.0,0.0,0.36363636363636365,19.454545454545453,17.09090909090909,0.09090909090909091,1,0.0,1.0,0,1.0,1.0,0.0007968127490039841,19,0.1428571428571429,1.0,1.0,0.09090909090909091,0.0,1.0,0.7272727272727273,1.0,0.0007968127490039841,10,0.09999999999999998,19
2026,alonso,aston_martin,Zandvoort,12,11,11,44.92265571526352,6,146,3,81,2.0,0,0,0,0.0,0.3333333333333333,stroll,2.0,2.0,1,0.75,6.5,2.7083333333333335,3.8333333333333335,1.0833332634408648,1,18.0,19.5,1.0,2.0,2.0,0.0,0.3333333333333333,19.5,16.791666666666668,0.25,2,2.666663111115852,0.30901752818826395,0,3.0,7.4,0.0022658610271903325,15,0.33333333333333337,1.0,3.0,0.25,2.666663111115852,0.30901752818826395,0.75,3.4,0.0021551724137931034,10,0.09999999999999998,19
2026,alonso,aston_martin,Monza,13,12,10,44.92265571526352,6,147,3,82,0.0,1,0,1,0.0,0.38461538461538464,stroll,0.0,0.0,0,0.6923076923076923,0.0,2.5,2.8333333333333335,1.0586835189712018,1,21.0,19.615384615384617,1.0,0.0,2.0,1.0,0.38461538461538464,19.615384615384617,17.115384615384617,0.23076923076923078,2,2.88888471605541,0.30901752818826395,0,3.0,7.0,0.002105263157894737,16,0.2857142857142857,1.0,3.0,0.23076923076923078,2.88888471605541,0.30901752818826395,0.7692307692307693,3.0,0.0020093770931011385,9,0.19999999999999996,19
2026,stroll,aston_martin,Melbourne,1,0,22,27.67145790554415,8,171,7,150,0.0,1,0,1,0.0,1.0,alonso,0.0,0.0,1,1.0,5.0,5.0,5.0,0.999999941176474,0,22.0,22.0,-5.0,0.0,0.0,1.0,1.0,22.0,17.0,0.0,0,0.0,1.0,0,0.0,0.0,0.0,11,0.5238095238095238,0.5,0.0,0.0,0.0,1.0,1.0,0.0,0.0,9,0.19999999999999996,21
2026,stroll,aston_martin,Shanghai,2,1,21,27.67145790554415,8,172,7,151,0.0,1,0,1,0.0,1.0,alonso,0.0,0.0,0,0.5,1.5,3.25,3.25,0.9999999428571461,1,21.0,21.5,-2.0,-1.5,0.0,2.0,1.0,20.75,17.5,0.0,0,0.0,1.0,0,0.0,0.0,0.0,13,0.4285714285714286,0.5,0.0,0.0,0.0,1.0,1.0,0.0,0.0,8,0.30000000000000004,21
2026,stroll,aston_martin,Suzuka,3,2,20,27.67145790554415,8,173,7,152,0.0,1,0,1,0.0,1.0,alonso,0.0,0.0,0,0.3333333333333333,1.0,2.5,2.5,0.9999999464285743,1,22.0,21.666666666666668,-1.0,0.0,0.0,3.0,1.0,21.166666666666668,18.666666666666668,0.0,0,0.0,1.0,0,0.0,0.0,0.0,14,0.38095238095238093,0.5,0.0,0.0,0.0,1.0,1.0,0.0,0.0,8,0.30000000000000004,21
2026,stroll,aston_martin,Miami Gardens,4,3,19,27.67145790554415,8,174,7,153,0.0,0,0,0,0.0,0.75,alonso,0.0,0.0,0,0.25,2.5,2.5,1.6666666666666667,0.9776785190529363,1,18.0,20.75,-1.0,1.5,0.0,2.0,0.75,20.75,18.25,0.0,0,0.0,1.0,0,0.0,0.0,0.0,14,0.38095238095238093,0.5,0.0,0.0,0.0,1.0,0.75,0.0,0.0,10,0.09999999999999998,21
2026,stroll,aston_martin,Montréal,5,4,18,27.67145790554415,8,175,7,154,0.0,0,0,0,0.0,0.6,alonso,0.0,0.0,1,0.4,4.0,2.8,2.5,0.9925233088304687,1,21.0,20.8,-2.0,-1.5,0.0,1.0,0.6,20.5,17.7,0.0,0,0.0,1.0,0,0.0,0.0,0.0,17,0.23809523809523814,0.5,0.0,0.0,0.0,1.0,0.8,0.0,0.0,10,0.09999999999999998,21
2026,stroll,aston_martin,Monaco,6,5,17,27.67145790554415,8,176,7,155,0.0,1,0,1,0.0,0.6666666666666666,alonso,-1.0,-1.0,0,0.3333333333333333,4.0,3.0,3.5,1.0544553829036407,1,22.0,21.0,-1.0,0.0,0.0,1.0,0.6666666666666666,20.75,17.75,0.0,0,0.0,1.0,0,0.0,0.0,0.0,18,0.19047619047619047,0.0,1.0,0.16666666666666666,1.999996000008,0.30901806200075566,0.8333333333333334,2.4000000000000004,0.0014005602240896359,10,0.09999999999999998,21
2026,stroll,aston_martin,Barcelona,7,6,16,27.67145790554415,8,177,7,156,0.0,1,0,1,0.0,0.7142857142857143,alonso,0.0,0.0,0,0.2857142857142857,-1.0,2.4285714285714284,2.3333333333333335,0.992277938641347,1,21.0,21.0,1.0,0.0,0.0,2.0,0.7142857142857143,20.785714285714285,18.357142857142858,0.0,0,0.0,1.0,0,0.0,0.0,0.0,19,0.1428571428571429,0.0,1.0,0.14285714285714285,2.333327888901593,0.30901806200075566,0.8571428571428571,2.2,0.001226993865030675,10,0.09999999999999998,21
2026,stroll,aston_martin,Spielberg,8,7,15,27.67145790554415,8,178,7,157,0.0,1,0,1,0.0,0.75,alonso,0.0,0.0,0,0.25,3.0,2.5,2.0,0.9374999523305108,1,22.0,21.125,-1.0,0.0,0.0,3.0,0.75,20.9375,18.4375,0.0,0,0.0,1.0,0,0.0,0.0,0.0,18,0.19047619047619047,0.0,1.0,0.125,2.6666595555745185,0.30901806200075566,0.875,2.0,0.001091703056768559,10,0.09999999999999998,21
2026,stroll,aston_martin,Silverstone,9,8,14,27.67145790554415,8,179,7,158,0.0,0,0,0,0.0,0.6666666666666666,alonso,0.0,1.0,0,0.2222222222222222,1.5,2.388888888888889,1.1666666666666667,0.9153005014333087,1,21.0,21.11111111111111,1.0,0.5,0.0,2.0,0.6666666666666666,21.0,18.61111111111111,0.0,0,0.0,1.0,0,0.0,0.0,0.0,17,0.23809523809523814,0.0,1.0,0.1111111111111111,0.0,0.30901806200075566,0.7777777777777778,1.8,0.000949667616334283,10,0.09999999999999998,21
2026,stroll,aston_martin,Spa-Francorchamps,10,9,13,27.67145790554415,8,180,7,159,0.0,1,0,1,0.0,0.7,alonso,0.0,0.0,0,0.2,0.0,2.15,1.5,0.953389782031028,1,22.0,21.2,-1.0,-2.0,0.0,2.0,0.7,20.9,18.75,0.0,0,0.0,1.0,0,0.0,0.0,0.0,19,0.1428571428571429,0.0,1.0,0.1,0.0,0.30901806200075566,0.8,1.6,0.0008665511265164644,9,0.19999999999999996,21
2026,stroll,aston_martin,Budapest,11,10,12,27.67145790554415,8,181,7,160,0.0,0,0,0,0.0,0.6363636363636364,alonso,0.0,0.0,1,0.2727272727272727,7.0,2.590909090909091,2.8333333333333335,1.0317323601249262,1,20.0,21.09090909090909,-4.0,0.0,0.0,1.0,0.6363636363636364,20.818181818181817,18.227272727272727,0.0,0,0.0,1.0,0,0.0,0.0,0.0,20,0.09523809523809523,0.0,1.0,0.09090909090909091,0.0,1.0,0.7272727272727273,1.0,0.0007968127490039841,10,0.09999999999999998,21
2026,stroll,aston_martin,Zandvoort,12,11,11,27.67145790554415,8,182,7,161,0.0,1,0,1,0.0,0.6666666666666666,alonso,-2.0,-2.0,0,0.25,0.0,2.375,2.3333333333333335,1.0631067341879572,1,19.0,20.916666666666668,-1.0,-0.5,0.0,2.0,0.6666666666666666,20.625,18.25,0.0,0,0.0,1.0,0,0.0,0.0,0.0,16,0.2857142857142857,0.0,3.0,0.25,2.666663111115852,0.30901752818826395,0.75,3.4,0.0021551724137931034,10,0.09999999999999998,21
2026,stroll,aston_martin,Monza,13,12,10,27.67145790554415,8,183,7,162,0.0,1,0,1,0.0,0.6923076923076923,alonso,0.0,0.0,1,0.3076923076923077,-2.0,2.0384615384615383,1.6666666666666667,1.0709484066213772,1,22.0,21.0,-1.0,-4.0,0.0,2.0,0.6923076923076923,20.423076923076923,18.384615384615383,0.0,0,0.0,1.0,0,0.0,0.0,0.0,18,0.19047619047619047,0.0,3.0,0.23076923076923078,2.88888471605541,0.30901752818826395,0.7692307692307693,3.0,0.0020093770931011385,9,0.19999999999999996,21
2026,bortoleto,audi,Melbourne,1,0,22,21.711156741957563,1,24,0,0,2.0,0,0,0,0.0,0.0,hulkenberg,2.0,0.0,1,1.0,1.0,1.0,1.0,0.9999998888889013,1,10.0,10.0,1.0,0.0,2.0,0.0,0.0,10.0,9.0,2.0,1,0.33333327777778704,1.0,0,2.0,46.0,0.019801980198019802,9,0.6190476190476191,1.0,2.0,2.0,0.33333327777778704,1.0,1.0,26.0,0.019801980198019802,7,0.4,14
2026,bortoleto,audi,Shanghai,2,1,21,21.711156741957563,1,25,0,1,0.0,1,0,1,0.0,0.5,hulkenberg,0.0,0.0,0,0.5,-2.0,-0.5,-0.5,0.9999999230769291,1,16.0,13.0,-5.0,-1.0,2.0,1.0,0.5,12.5,13.0,1.0,1,0.6666664444445185,0.4142138050136816,0,2.0,23.0,0.008403361344537815,11,0.5238095238095238,1.0,2.0,1.0,0.6666664444445185,0.4142138050136816,1.0,13.0,0.008403361344537815,7,0.4,14
2026,bortoleto,audi,Suzuka,3,2,20,21.711156741957563,1,26,0,2,0.0,0,0,0,0.0,0.3333333333333333,hulkenberg,0.0,0.0,0,0.3333333333333333,-4.0,-1.6666666666666667,-1.6666666666666667,0.9999999230769291,1,9.0,11.666666666666666,4.0,0.0,2.0,1.0,0.3333333333333333,11.333333333333334,13.0,0.6666666666666666,1,0.99999950000025,0.3660257518604589,0,2.0,15.333333333333332,0.0058997050147492625,12,0.47619047619047616,1.0,2.0,0.6666666666666666,0.99999950000025,0.3660257518604589,0.6666666666666666,8.666666666666666,0.0058997050147492625,7,0.4,14
2026,bortoleto,audi,Miami Gardens,4,3,19,21.711156741957563,1,27,0,3,0.0,1,0,0,0.0,0.25,hulkenberg,0.0,-2.0,1,0.5,-1.0,-1.5,-2.3333333333333335,0.8936169642372152,1,21.0,14.0,-11.0,-5.0,0.0,2.0,0.5,12.5,14.0,0.5,1,0.0,0.33333377777748147,0,2.0,11.5,0.004201680672268907,12,0.47619047619047616,1.0,2.0,0.5,0.0,0.33333377777748147,0.75,6.5,0.004201680672268907,9,0.19999999999999996,14
2026,bortoleto,audi,Montréal,5,4,18,21.711156741957563,1,28,0,4,0.0,0,0,0,0.0,0.2,hulkenberg,0.0,0.0,1,0.6,0.0,-1.2,-1.6666666666666667,0.9670587552664408,1,13.0,13.8,-2.0,-0.5,0.0,1.0,0.4,12.5,13.7,0.4,1,0.0,0.30901752818826395,0,2.0,9.2,0.0032626427406199023,15,0.33333333333333337,1.0,2.0,0.4,0.0,0.30901752818826395,0.6,5.2,0.0032626427406199023,9,0.19999999999999996,14
2026,bortoleto,audi,Monaco,6,5,17,21.711156741957563,1,29,0,5,0.0,0,0,0,0.0,0.16666666666666666,hulkenberg,0.0,0.0,1,0.6666666666666666,5.0,-0.16666666666666666,1.3333333333333333,0.9814814087791549,1,16.0,14.166666666666666,-3.0,0.0,0.0,1.0,0.3333333333333333,13.083333333333334,13.25,0.3333333333333333,1,0.0,1.0,0,2.0,2.0,0.0028011204481792717,16,0.2857142857142857,1.0,2.0,0.3333333333333333,0.0,1.0,0.5,2.0,0.0028011204481792717,9,0.19999999999999996,14
2026,bortoleto,audi,Barcelona,7,6,16,21.711156741957563,1,30,0,6,0.0,0,0,0,0.0,0.14285714285714285,hulkenberg,0.0,0.0,1,0.7142857142857143,1.0,0.0,2.0,1.1242235047259066,1,12.0,13.857142857142858,-3.0,0.0,0.0,0.0,0.2857142857142857,12.928571428571429,12.928571428571429,0.2857142857142857,1,0.0,1.0,0,2.0,2.0,0.00245398773006135,17,0.23809523809523814,1.0,2.0,0.2857142857142857,0.0,1.0,0.5714285714285714,2.0,0.00245398773006135,9,0.19999999999999996,14
2026,bortoleto,audi,Spielberg,8,7,15,21.711156741957563,1,31,0,7,0.0,0,0,0,0.0,0.125,hulkenberg,0.0,0.0,1,0.75,1.0,0.125,2.3333333333333335,1.1534089860537287,1,12.0,13.625,2.0,0.0,0.0,0.0,0.25,12.8125,12.6875,0.25,1,0.0,1.0,0,2.0,2.0,0.002183406113537118,16,0.2857142857142857,1.0,2.0,0.25,0.0,1.0,0.5,2.0,0.002183406113537118,9,0.19999999999999996,14
2026,bortoleto,audi,Silverstone,9,8,14,21.711156741957563,1,32,0,8,4.0,0,0,0,0.0,0.1111111111111111,hulkenberg,4.0,4.0,1,0.7777777777777778,1.0,0.2222222222222222,1.0,1.1487178426824556,1,11.0,13.333333333333334,2.0,0.5,4.0,0.0,0.2222222222222222,12.666666666666666,12.444444444444445,0.6666666666666666,2,1.9999990000005,0.3090172612817088,0,6.0,17.200000000000003,0.005698005698005698,13,0.4285714285714286,1.0,6.0,0.6666666666666666,1.9999990000005,0.3090172612817088,0.5555555555555556,9.2,0.005698005698005698,9,0.19999999999999996,14
2026,bortoleto,audi,Spa-Francorchamps,10,9,13,21.711156741957563,1,33,0,9,4.0,0,0,0,0.0,0.1,hulkenberg,4.0,4.0,1,0.8,0.0,0.2,0.6666666666666666,1.2203388589485906,1,9.0,12.9,5.0,-1.0,8.0,0.0,0.2,12.2,12.0,1.0,3,2.666665777778074,0.4220646024685014,0,10.0,30.8,0.008665511265164644,14,0.38095238095238093,1.0,10.0,1.0,2.666665777778074,0.4220646024685014,0.5,14.8,0.008665511265164644,8,0.30000000000000004,14
2026,bortoleto,audi,Budapest,11,10,12,21.711156741957563,1,34,0,10,0.0,0,0,0,0.0,0.09090909090909091,hulkenberg,-2.0,-2.0,0,0.7272727272727273,3.0,0.45454545454545453,1.3333333333333333,1.2110938675929195,1,14.0,13.0,-4.0,0.0,8.0,0.0,0.18181818181818182,12.363636363636363,11.909090909090908,0.9090909090909091,3,2.933332257778172,0.4220646024685014,0,10.0,29.200000000000003,0.00796812749003984,14,0.38095238095238093,0.8333333333333334,12.0,1.0909090909090908,3.0555546219138656,0.5000001249999687,0.45454545454545453,16.0,0.009561752988047808,8,0.30000000000000004,14
2026,bortoleto,audi,Zandvoort,12,11,11,21.711156741957563,1,35,0,11,0.0,0,0,0,0.0,0.08333333333333333,hulkenberg,-4.0,-8.0,1,0.75,-2.0,0.25,0.3333333333333333,1.183333215000012,1,9.0,12.666666666666666,4.0,0.0,4.0,0.0,0.16666666666666666,12.083333333333334,11.833333333333334,0.8333333333333334,3,1.599999360000256,0.4220646024685014,0,10.0,27.6,0.0075528700906344415,12,0.47619047619047616,0.625,16.0,1.3333333333333333,2.499999375000156,0.6101741647782665,0.5,18.8,0.011494252873563218,8,0.30000000000000004,14
2026,bortoleto,audi,Monza,13,12,10,21.711156741957563,1,36,0,12,0.0,0,0,0,0.0,0.07692307692307693,hulkenberg,0.0,-4.0,1,0.7692307692307693,-1.0,0.15384615384615385,0.0,1.0699299726637088,1,11.0,12.538461538461538,2.0,-1.0,0.0,0.0,0.15384615384615385,11.923076923076923,11.76923076923077,0.7692307692307693,3,0.0,0.4220646024685014,0,10.0,26.0,0.007017543859649123,13,0.4285714285714286,0.625,16.0,1.2307692307692308,1.6249995598959524,0.6101741647782665,0.46153846153846156,16.0,0.010716677829872739,7,0.4,14
2026,hulkenberg,audi,Melbourne,1,0,22,38.86652977412731,7,117,0,0,0.0,1,0,1,0.0,1.0,bortoleto,-2.0,0.0,0,0.0,-11.0,-11.0,-11.0,0.9999999545454565,1,11.0,11.0,-1.0,0.0,0.0,1.0,1.0,11.0,22.0,0.0,0,0.0,1.0,0,0.0,0.0,0.0,11,0.5238095238095238,0.0,2.0,2.0,0.33333327777778704,1.0,1.0,26.0,0.019801980198019802,7,0.4,16
2026,hulkenberg,audi,Shanghai,2,1,21,38.86652977412731,7,118,0,1,0.0,1,0,1,0.0,1.0,bortoleto,0.0,0.0,1,0.5,-4.5,-7.75,-7.75,0.9999999466666695,1,11.0,11.0,5.0,0.0,0.0,2.0,1.0,11.0,18.75,0.0,0,0.0,1.0,0,0.0,0.0,0.0,13,0.4285714285714286,0.0,2.0,1.0,0.6666664444445185,0.4142138050136816,1.0,13.0,0.008403361344537815,7,0.4,16
2026,hulkenberg,audi,Suzuka,3,2,20,38.86652977412731,7,119,0,2,0.0,0,0,0,0.0,0.6666666666666666,bortoleto,0.0,0.0,1,0.6666666666666666,2.0,-4.5,-4.5,0.9999999381443336,1,13.0,11.666666666666666,-4.0,0.0,0.0,2.0,0.6666666666666666,11.666666666666666,16.166666666666668,0.0,0,0.0,1.0,0,0.0,0.0,0.0,14,0.38095238095238093,0.0,2.0,0.6666666666666666,0.99999950000025,0.3660257518604589,0.6666666666666666,8.666666666666666,0.0058997050147492625,7,0.4,16
2026,hulkenberg,audi,Miami Gardens,4,3,19,38.86652977412731,7,120,0,3,0.0,2,0,2,0.0,0.75,bortoleto,0.0,2.0,0,0.5,-8.5,-5.5,-3.6666666666666665,1.1086955798676796,1,10.0,11.25,11.0,1.0,0.0,3.0,0.75,11.5,17.0,0.0,0,0.0,1.0,0,0.0,0.0,0.0,14,0.38095238095238093,0.0,2.0,0.5,0.0,0.33333377777748147,0.75,6.5,0.004201680672268907,9,0.19999999999999996,16
2026,hulkenberg,audi,Montréal,5,4,18,38.86652977412731,7,121,0,4,0.0,0,0,0,0.0,0.6,bortoleto,0.0,0.0,0,0.4,-2.5,-4.9,-3.0,1.1113635605888483,1,11.0,11.2,2.0,0.0,0.0,2.0,0.6,11.4,16.3,0.0,0,0.0,1.0,0,0.0,0.0,0.0,17,0.23809523809523814,0.0,2.0,0.4,0.0,0.30901752818826395,0.6,5.2,0.0032626427406199023,9,0.19999999999999996,16
2026,hulkenberg,audi,Monaco,6,5,17,38.86652977412731,7,122,0,5,0.0,0,0,0,0.0,0.5,bortoleto,0.0,0.0,0,0.3333333333333333,0.0,-4.083333333333333,-3.6666666666666665,1.0271738460538795,1,13.0,11.5,3.0,0.0,0.0,2.0,0.5,11.666666666666666,15.75,0.0,0,0.0,1.0,0,0.0,0.0,0.0,18,0.19047619047619047,0.0,2.0,0.3333333333333333,0.0,1.0,0.5,2.0,0.0028011204481792717,9,0.19999999999999996,16
2026,hulkenberg,audi,Barcelona,7,6,16,38.86652977412731,7,123,0,6,0.0,1,0,1,0.0,0.5714285714285714,bortoleto,0.0,0.0,0,0.2857142857142857,-11.0,-5.071428571428571,-4.5,1.05529947108667,1,9.0,11.142857142857142,3.0,0.0,0.0,1.0,0.5714285714285714,11.285714285714286,16.357142857142858,0.0,0,0.0,1.0,0,0.0,0.0,0.0,19,0.1428571428571429,0.0,2.0,0.2857142857142857,0.0,1.0,0.5714285714285714,2.0,0.00245398773006135,9,0.19999999999999996,16
2026,hulkenberg,audi,Spielberg,8,7,15,38.86652977412731,7,124,0,7,0.0,0,0,0,0.0,0.5,bortoleto,0.0,0.0,0,0.25,2.0,-4.1875,-3.0,1.0541665963888935,1,14.0,11.5,-2.0,0.0,0.0,1.0,0.5,11.625,15.8125,0.0,0,0.0,1.0,0,0.0,0.0,0.0,18,0.19047619047619047,0.0,2.0,0.25,0.0,1.0,0.5,2.0,0.002183406113537118,9,0.19999999999999996,16
2026,hulkenberg,audi,Silverstone,9,8,14,38.86652977412731,7,125,0,8,0.0,1,0,1,0.0,0.5555555555555556,bortoleto,-4.0,-4.0,0,0.2222222222222222,-6.0,-4.388888888888889,-5.0,0.9570956527137896,1,13.0,11.666666666666666,-2.0,-0.5,0.0,2.0,0.5555555555555556,11.722222222222221,16.11111111111111,0.0,0,0.0,1.0,0,0.0,0.0,0.0,17,0.23809523809523814,0.0,6.0,0.6666666666666666,1.9999990000005,0.3090172612817088,0.5555555555555556,9.2,0.005698005698005698,9,0.19999999999999996,16
2026,hulkenberg,audi,Spa-Francorchamps,10,9,13,38.86652977412731,7,126,0,9,0.0,0,0,0,0.0,0.5,bortoleto,-4.0,-4.0,0,0.2,-1.0,-4.05,-1.6666666666666667,1.0896550972651657,1,14.0,11.9,-5.0,-2.0,0.0,1.0,0.5,11.75,15.8,0.0,0,0.0,1.0,0,0.0,0.0,0.0,19,0.1428571428571429,0.0,10.0,1.0,2.666665777778074,0.4220646024685014,0.5,14.8,0.008665511265164644,8,0.30000000000000004,16
2026,hulkenberg,audi,Budapest,11,10,12,38.86652977412731,7,127,0,10,2.0,0,0,0,0.0,0.45454545454545453,bortoleto,2.0,2.0,1,0.2727272727272727,1.0,-3.590909090909091,-2.0,1.1245790412769734,1,10.0,11.727272727272727,4.0,0.0,2.0,1.0,0.45454545454545453,11.590909090909092,15.181818181818182,0.18181818181818182,1,3.6666599444567685,0.30901752818826395,0,2.0,6.800000000000001,0.0015936254980079682,18,0.19047619047619047,0.16666666666666666,12.0,1.0909090909090908,3.0555546219138656,0.5000001249999687,0.45454545454545453,16.0,0.009561752988047808,8,0.30000000000000004,16
2026,hulkenberg,audi,Zandvoort,12,11,11,38.86652977412731,7,128,0,11,4.0,1,0,1,0.0,0.5,bortoleto,4.0,8.0,0,0.25,-1.5,-3.4166666666666665,-0.5,1.2297296300219218,1,13.0,11.833333333333334,-4.0,0.5,6.0,1.0,0.5,11.75,15.166666666666666,0.5,2,3.9999973333351115,0.4014918243374772,0,6.0,19.2,0.004531722054380665,13,0.4285714285714286,0.375,16.0,1.3333333333333333,2.499999375000156,0.6101741647782665,0.5,18.8,0.011494252873563218,8,0.30000000000000004,16
2026,hulkenberg,audi,Monza,13,12,10,38.86652977412731,7,129,0,12,0.0,0,0,0,0.0,0.46153846153846156,bortoleto,0.0,4.0,0,0.23076923076923078,0.0,-3.1538461538461537,-0.16666666666666666,1.2435896399572737,1,13.0,11.923076923076923,-2.0,-1.0,6.0,1.0,0.46153846153846156,11.76923076923077,14.923076923076923,0.46153846153846156,2,4.333330203705964,0.4014918243374772,0,6.0,18.0,0.004210526315789474,14,0.38095238095238093,0.375,16.0,1.2307692307692308,1.6249995598959524,0.6101741647782665,0.46153846153846156,16.0,0.010716677829872739,7,0.4,16
2026,bottas,cadillac,Melbourne,1,0,22,36.84052019164955,7,149,0,0,0.0,1,0,1,0.0,1.0,perez,0.0,0.0,0,0.0,0.0,0.0,0.0,0.9999999473684238,1,19.0,19.0,-1.0,0.0,0.0,1.0,1.0,19.0,19.0,0.0,0,0.0,1.0,0,0.0,0.0,0.0,11,0.5238095238095238,0.5,0.0,0.0,0.0,1.0,1.0,0.0,0.0,9,0.19999999999999996,23
2026,bottas,cadillac,Shanghai,2,1,21,36.84052019164955,7,150,0,1,0.0,1,0,1,0.0,1.0,perez,0.0,0.0,0,0.0,2.5,1.25,1.25,0.9999999444444475,1,20.0,19.5,2.0,-0.5,0.0,2.0,1.0,19.25,18.0,0.0,0,0.0,1.0,0,0.0,0.0,0.0,13,0.4285714285714286,0.5,0.0,0.0,0.0,1.0,1.0,0.0,0.0,8,0.30000000000000004,23
2026,bottas,cadillac,Suzuka,3,2,20,36.84052019164955,7,151,0,2,0.0,0,0,0,0.0,0.6666666666666666,perez,0.0,0.0,0,0.0,1.0,1.1666666666666667,1.1666666666666667,0.9999999454545484,1,20.0,19.666666666666668,-1.0,0.0,0.0,2.0,0.6666666666666666,19.5,18.333333333333332,0.0,0,0.0,1.0,0,0.0,0.0,0.0,14,0.38095238095238093,0.5,0.0,0.0,0.0,1.0,0.6666666666666666,0.0,0.0,8,0.30000000000000004,23
2026,bottas,cadillac,Miami Gardens,4,3,19,36.84052019164955,7,152,0,3,0.0,0,0,0,0.0,0.5,perez,0.0,0.0,0,0.0,0.5,1.0,1.3333333333333333,1.0114678342311283,1,19.0,19.5,1.0,0.0,0.0,1.0,0.5,19.375,18.375,0.0,0,0.0,1.0,0,0.0,0.0,0.0,14,0.38095238095238093,0.5,0.0,0.0,0.0,1.0,0.5,0.0,0.0,10,0.09999999999999998,23
2026,bottas,cadillac,Montréal,5,4,18,36.84052019164955,7,153,0,4,0.0,0,0,0,0.0,0.4,perez,0.0,0.0,0,0.0,4.5,1.7,2.0,0.9999999444444475,1,22.0,20.0,-2.0,-1.0,0.0,0.0,0.4,19.7,18.0,0.0,0,0.0,1.0,0,0.0,0.0,0.0,17,0.23809523809523814,0.5,0.0,0.0,0.0,1.0,0.6,0.0,0.0,10,0.09999999999999998,23
2026,bottas,cadillac,Monaco,6,5,17,36.84052019164955,7,154,0,5,0.0,1,0,1,0.0,0.5,perez,0.0,0.0,0,0.0,-1.0,1.25,1.3333333333333333,0.991071375478319,1,20.0,20.0,-2.0,0.0,0.0,1.0,0.5,19.75,18.5,0.0,0,0.0,1.0,0,0.0,0.0,0.0,18,0.19047619047619047,0.5,0.0,0.0,0.0,1.0,0.6666666666666666,0.0,0.0,11,0.0,23
2026,bottas,cadillac,Barcelona,7,6,16,36.84052019164955,7,155,0,6,0.0,1,0,1,0.0,0.5714285714285714,perez,0.0,0.0,0,0.0,-1.0,0.9285714285714286,0.8333333333333334,0.9670329174415353,1,20.0,20.0,-1.0,0.0,0.0,2.0,0.5714285714285714,19.785714285714285,18.857142857142858,0.0,0,0.0,1.0,0,0.0,0.0,0.0,19,0.1428571428571429,0.5,0.0,0.0,0.0,1.0,0.7142857142857143,0.0,0.0,11,0.0,23
2026,bottas,cadillac,Spielberg,8,7,15,36.84052019164955,7,156,0,7,0.0,1,0,1,0.0,0.625,perez,0.0,0.0,0,0.0,-2.0,0.5625,-1.3333333333333333,0.9023437077026387,1,20.0,20.0,-1.0,0.0,0.0,3.0,0.625,19.8125,19.25,0.0,0,0.0,1.0,0,0.0,0.0,0.0,18,0.19047619047619047,0.5,0.0,0.0,0.0,1.0,0.75,0.0,0.0,11,0.0,23
2026,bottas,cadillac,Silverstone,9,8,14,36.84052019164955,7,157,0,8,0.0,0,0,0,0.0,0.5555555555555556,perez,0.0,0.0,1,0.1111111111111111,1.0,0.6111111111111112,-0.6666666666666666,0.9449035344124969,1,18.0,19.77777777777778,2.0,0.5,0.0,2.0,0.5555555555555556,19.666666666666668,19.055555555555557,0.0,0,0.0,1.0,0,0.0,0.0,0.0,17,0.23809523809523814,0.5,0.0,0.0,0.0,1.0,0.6666666666666666,0.0,0.0,11,0.0,23
2026,bottas,cadillac,Spa-Francorchamps,10,9,13,36.84052019164955,7,158,0,9,0.0,0,0,0,0.0,0.5,perez,0.0,0.0,1,0.2,-1.0,0.45,-0.6666666666666666,0.9886956005897946,1,19.0,19.7,1.0,-2.0,0.0,1.0,0.5,19.4,18.95,0.0,0,0.0,1.0,0,0.0,0.0,0.0,19,0.1428571428571429,0.5,0.0,0.0,0.0,1.0,0.7,0.0,0.0,10,0.09999999999999998,23
2026,bottas,cadillac,Budapest,11,10,12,36.84052019164955,7,159,0,10,0.0,1,0,1,0.0,0.5454545454545454,perez,0.0,0.0,0,0.18181818181818182,-1.0,0.3181818181818182,-0.3333333333333333,1.0031620029970811,1,21.0,19.818181818181817,1.0,0.0,0.0,1.0,0.5454545454545454,19.545454545454547,19.227272727272727,0.0,0,0.0,1.0,0,0.0,0.0,0.0,20,0.09523809523809523,0.5,0.0,0.0,0.0,1.0,0.7272727272727273,0.0,0.0,11,0.0,23
2026,bottas,cadillac,Zandvoort,12,11,11,36.84052019164955,7,160,0,11,0.0,1,0,1,0.0,0.5833333333333334,perez,0.0,0.0,0,0.16666666666666666,1.5,0.4166666666666667,-0.16666666666666666,0.9829059325005505,1,21.0,19.916666666666668,1.0,-1.0,0.0,2.0,0.5833333333333334,19.583333333333332,19.166666666666668,0.0,0,0.0,1.0,0,0.0,0.0,0.0,16,0.2857142857142857,0.5,0.0,0.0,0.0,1.0,0.75,0.0,0.0,11,0.0,23
2026,bottas,cadillac,Monza,13,12,10,36.84052019164955,7,161,0,12,0.0,0,0,0,0.0,0.5384615384615384,perez,0.0,0.0,0,0.15384615384615385,-3.0,0.15384615384615385,-0.8333333333333334,0.9657400935179526,1,19.0,19.846153846153847,1.0,-3.0,0.0,2.0,0.5384615384615384,19.307692307692307,19.153846153846153,0.0,0,0.0,1.0,0,0.0,0.0,0.0,18,0.19047619047619047,0.5,0.0,0.0,0.0,1.0,0.6923076923076923,0.0,0.0,10,0.09999999999999998,23
2026,perez,cadillac,Melbourne,1,0,22,36.427104722792606,7,147,0,0,0.0,0,0,0,0.0,0.0,bottas,0.0,0.0,1,1.0,2.0,2.0,2.0,0.9999999375000038,1,18.0,18.0,1.0,0.0,0.0,0.0,0.0,18.0,16.0,0.0,0,0.0,1.0,0,0.0,0.0,0.0,11,0.5238095238095238,0.5,0.0,0.0,0.0,1.0,1.0,0.0,0.0,9,0.19999999999999996,22
2026,perez,cadillac,Shanghai,2,1,21,36.427104722792606,7,148,0,1,0.0,0,0,0,0.0,0.0,bottas,0.0,0.0,0,0.5,4.0,3.0,3.0,0.999999939393943,1,22.0,20.0,-2.0,-1.0,0.0,0.0,0.0,19.5,16.5,0.0,0,0.0,1.0,0,0.0,0.0,0.0,13,0.4285714285714286,0.5,0.0,0.0,0.0,1.0,1.0,0.0,0.0,8,0.30000000000000004,22
2026,perez,cadillac,Suzuka,3,2,20,36.427104722792606,7,149,0,2,0.0,0,0,0,0.0,0.0,bottas,0.0,0.0,1,0.6666666666666666,2.0,2.6666666666666665,2.6666666666666665,0.9999999400000036,1,19.0,19.666666666666668,1.0,0.0,0.0,0.0,0.0,19.333333333333332,16.666666666666668,0.0,0,0.0,1.0,0,0.0,0.0,0.0,14,0.38095238095238093,0.5,0.0,0.0,0.0,1.0,0.6666666666666666,0.0,0.0,8,0.30000000000000004,22
2026,perez,cadillac,Miami Gardens,4,3,19,36.427104722792606,7,150,0,3,0.0,0,0,0,0.0,0.0,bottas,0.0,0.0,1,0.75,2.5,2.625,2.8333333333333335,0.9899999406000034,1,20.0,19.75,-1.0,-1.5,0.0,0.0,0.0,19.125,16.5,0.0,0,0.0,1.0,0,0.0,0.0,0.0,14,0.38095238095238093,0.5,0.0,0.0,0.0,1.0,0.5,0.0,0.0,10,0.09999999999999998,22
2026,perez,cadillac,Montréal,5,4,18,36.427104722792606,7,151,0,4,0.0,1,0,1,0.0,0.2,bottas,0.0,0.0,1,0.8,2.5,2.6,2.3333333333333335,1.0082473603145963,1,20.0,19.8,2.0,-2.0,0.0,1.0,0.2,18.9,16.3,0.0,0,0.0,1.0,0,0.0,0.0,0.0,17,0.23809523809523814,0.5,0.0,0.0,0.0,1.0,0.6,0.0,0.0,10,0.09999999999999998,22
2026,perez,cadillac,Monaco,6,5,17,36.427104722792606,7,152,0,5,0.0,0,0,0,0.0,0.16666666666666666,bottas,0.0,0.0,1,0.8333333333333334,3.0,2.6666666666666665,2.6666666666666665,1.0376343416579994,1,18.0,19.5,2.0,0.0,0.0,1.0,0.16666666666666666,18.75,16.083333333333332,0.0,0,0.0,1.0,0,0.0,0.0,0.0,18,0.19047619047619047,0.5,0.0,0.0,0.0,1.0,0.6666666666666666,0.0,0.0,11,0.0,22
2026,perez,cadillac,Barcelona,7,6,16,36.427104722792606,7,153,0,6,0.0,0,0,0,0.0,0.14285714285714285,bottas,0.0,0.0,1,0.8571428571428571,5.0,3.0,3.5,1.0642053857197011,1,19.0,19.428571428571427,1.0,0.0,0.0,1.0,0.14285714285714285,18.785714285714285,15.785714285714286,0.0,0,0.0,1.0,0,0.0,0.0,0.0,19,0.1428571428571429,0.5,0.0,0.0,0.0,1.0,0.7142857142857143,0.0,0.0,11,0.0,22
2026,perez,cadillac,Spielberg,8,7,15,36.427104722792606,7,154,0,7,0.0,1,0,1,0.0,0.25,bottas,0.0,0.0,1,0.875,-2.0,2.375,2.0,0.9862499408250034,1,19.0,19.375,1.0,0.0,0.0,1.0,0.25,18.8125,16.4375,0.0,0,0.0,1.0,0,0.0,0.0,0.0,18,0.19047619047619047,0.5,0.0,0.0,0.0,1.0,0.75,0.0,0.0,11,0.0,22
2026,perez,cadillac,Silverstone,9,8,14,36.427104722792606,7,155,0,8,0.0,0,0,0,0.0,0.2222222222222222,bottas,0.0,0.0,0,0.7777777777777778,1.0,2.2222222222222223,1.3333333333333333,0.9402515191052598,1,20.0,19.444444444444443,-2.0,-1.0,0.0,1.0,0.2222222222222222,18.833333333333332,16.61111111111111,0.0,0,0.0,1.0,0,0.0,0.0,0.0,17,0.23809523809523814,0.5,0.0,0.0,0.0,1.0,0.6666666666666666,0.0,0.0,11,0.0,22
2026,perez,cadillac,Spa-Francorchamps,10,9,13,36.427104722792606,7,156,0,9,0.0,1,0,1,0.0,0.3,bottas,0.0,0.0,0,0.7,-3.0,1.7,-1.3333333333333333,0.8524999573750022,1,20.0,19.5,-1.0,-2.0,0.0,2.0,0.3,18.75,17.05,0.0,0,0.0,1.0,0,0.0,0.0,0.0,19,0.1428571428571429,0.5,0.0,0.0,0.0,1.0,0.7,0.0,0.0,10,0.09999999999999998,22
2026,perez,cadillac,Budapest,11,10,12,36.427104722792606,7,157,0,10,0.0,1,0,1,0.0,0.36363636363636365,bottas,0.0,0.0,1,0.7272727272727273,1.0,1.6363636363636365,-0.3333333333333333,0.8704545019318204,1,22.0,19.727272727272727,-1.0,0.0,0.0,2.0,0.36363636363636365,19.045454545454547,17.40909090909091,0.0,0,0.0,1.0,0,0.0,0.0,0.0,20,0.09523809523809523,0.5,0.0,0.0,0.0,1.0,0.7272727272727273,0.0,0.0,11,0.0,22
2026,perez,cadillac,Zandvoort,12,11,11,36.427104722792606,7,158,0,11,0.0,0,0,0,0.0,0.3333333333333333,bottas,0.0,0.0,1,0.75,3.0,1.75,0.3333333333333333,0.8729166230208354,1,22.0,19.916666666666668,-1.0,-1.0,0.0,2.0,0.3333333333333333,19.208333333333332,17.458333333333332,0.0,0,0.0,1.0,0,0.0,0.0,0.0,16,0.2857142857142857,0.5,0.0,0.0,0.0,1.0,0.75,0.0,0.0,11,0.0,22
2026,perez,cadillac,Monza,13,12,10,36.427104722792606,7,159,0,12,0.0,0,0,0,0.0,0.3076923076923077,bottas,0.0,0.0,1,0.7692307692307693,-1.0,1.5384615384615385,1.0,0.9210525831024956,1,20.0,19.923076923076923,-1.0,-3.0,0.0,1.0,0.3076923076923077,19.03846153846154,17.5,0.0,0,0.0,1.0,0,0.0,0.0,0.0,18,0.19047619047619047,0.5,0.0,0.0,0.0,1.0,0.6923076923076923,0.0,0.0,10,0.09999999999999998,22
2026,hamilton,ferrari,Melbourne,1,0,22,41.478439425051334,8,172,1,24,12.0,0,0,0,0.0,0.0,leclerc,-3.0,0.0,0,0.0,3.0,3.0,3.0,0.9999997500000625,1,7.0,7.0,-3.0,0.0,12.0,0.0,0.0,7.0,4.0,12.0,1,0.33333332407407434,1.0,0,12.0,276.0,0.1188118811881188,4,0.8571428571428572,0.4444444444444444,27.0,27.0,0.33333332921810704,1.0,0.0,351.0,0.26732673267326734,2,0.9,3
2026,hamilton,ferrari,Shanghai,2,1,21,41.478439425051334,8,173,1,25,21.0,0,0,0,0.0,0.0,leclerc,2.0,0.0,0,0.0,0.5,1.75,1.75,0.9999997142857959,1,3.0,5.0,1.0,0.5,33.0,0.0,0.0,5.25,3.5,16.5,2,0.6666666531986535,0.7216597446173263,1,33.0,379.5,0.13865546218487396,4,0.8571428571428572,0.4925373134328358,67.0,33.5,0.6666666600331675,0.78468321081869,0.0,435.5,0.2815126050420168,2,0.9,3
2026,hamilton,ferrari,Suzuka,3,2,20,41.478439425051334,8,174,1,26,8.0,0,0,0,0.0,0.0,leclerc,-7.0,0.0,0,0.0,0.0,1.1666666666666667,1.1666666666666667,0.9999997692308225,1,6.0,5.333333333333333,-2.0,0.0,41.0,0.0,0.0,5.5,4.333333333333333,13.666666666666666,3,0.9999999756097567,0.6724069127066958,1,41.0,314.3333333333333,0.12094395280235988,4,0.8571428571428572,0.45555555555555555,90.0,30.0,0.9999999888888891,0.7714423536002399,0.0,390.0,0.26548672566371684,2,0.9,3
2026,hamilton,ferrari,Miami Gardens,4,3,19,41.478439425051334,8,175,1,27,10.0,0,0,0,0.0,0.0,leclerc,0.0,3.0,0,0.0,0.0,0.875,0.16666666666666666,0.943548204474541,1,6.0,5.5,-3.0,0.5,39.0,0.0,0.0,5.75,4.875,12.75,4,1.0196078164808415,0.6896624700206628,1,51.0,293.25,0.10714285714285714,4,0.8571428571428572,0.4636363636363636,110.0,27.5,1.0060605938659322,0.7573072773933764,0.0,357.5,0.23109243697478993,2,0.9,3
2026,hamilton,ferrari,Montréal,5,4,18,41.478439425051334,8,176,1,28,21.0,0,0,0,0.0,0.0,leclerc,5.0,3.0,1,0.2,1.0,0.9,0.3333333333333333,0.854545299173582,1,5.0,5.4,3.0,0.0,39.0,0.0,0.0,5.6,4.7,14.4,5,0.9027777568801445,0.6994128203882686,2,72.0,331.2,0.11745513866231648,4,0.8571428571428572,0.4897959183673469,147.0,29.4,0.9070294681742692,0.7709455921919703,0.0,382.2,0.2398042414355628,2,0.9,3
2026,hamilton,ferrari,Monaco,6,5,17,41.478439425051334,8,177,1,29,18.0,0,0,0,0.0,0.0,leclerc,18.0,25.0,1,0.3333333333333333,1.0,0.9166666666666666,0.6666666666666666,1.0199997552000586,1,3.0,5.0,1.0,0.0,49.0,0.0,0.0,5.166666666666667,4.25,15.0,6,1.0888888646913586,0.7159674844694079,3,90.0,355.2,0.12605042016806722,2,0.9523809523809523,0.5454545454545454,165.0,27.5,0.9090908980716255,0.7308613549449153,0.16666666666666666,358.20000000000005,0.23109243697478993,2,0.9,3
2026,hamilton,ferrari,Barcelona,7,6,16,41.478439425051334,8,178,1,30,25.0,0,0,0,0.0,0.0,leclerc,25.0,25.0,1,0.42857142857142855,1.0,0.9285714285714286,1.0,1.6224482842568575,1,2.0,4.571428571428571,8.0,0.0,64.0,0.0,0.0,4.714285714285714,3.7857142857142856,16.428571428571427,7,1.298550698290276,0.6939779883932106,4,115.0,377.4,0.1411042944785276,2,0.9523809523809523,0.6052631578947368,190.0,27.142857142857142,0.9824561282856265,0.7678766201380424,0.14285714285714285,337.6,0.2331288343558282,2,0.9,3
2026,hamilton,ferrari,Spielberg,8,7,15,41.478439425051334,8,179,1,31,10.0,0,0,0,0.0,0.0,leclerc,6.0,1.0,1,0.5,-2.0,0.5625,0.0,1.47656194628927,1,3.0,4.375,-1.0,0.0,53.0,0.0,0.0,4.5,3.9375,15.625,8,1.1306666425457783,0.7153256901079772,4,125.0,377.0,0.13646288209606988,3,0.9047619047619048,0.6127450980392157,204.0,25.5,0.7450980294758428,0.7198946303704158,0.125,318.0,0.22270742358078602,2,0.9,3
2026,hamilton,ferrari,Silverstone,9,8,14,41.478439425051334,8,180,1,32,22.0,0,0,0,0.0,0.0,leclerc,-7.0,-25.0,1,0.5555555555555556,-0.5,0.4444444444444444,-0.5,1.3333328627452639,1,3.0,4.222222222222222,-1.0,-1.0,57.0,0.0,0.0,4.222222222222222,3.7777777777777777,16.333333333333332,9,1.1632652823823413,0.770515236517283,5,147.0,415.8,0.1396011396011396,3,0.9047619047619048,0.5764705882352941,255.0,28.333333333333332,1.0588235169550175,0.6578484336116311,0.1111111111111111,371.0,0.24216524216524216,2,0.9,3
2026,hamilton,ferrari,Spa-Francorchamps,10,9,13,41.478439425051334,8,181,1,33,12.0,0,0,0,0.0,0.0,leclerc,-6.0,-31.0,0,0.5,1.0,0.5,-0.5,0.9913040892250201,1,6.0,4.4,-1.0,-1.0,44.0,0.0,0.0,4.3,3.8,15.9,10,0.9224318464898984,0.7314770032650804,5,159.0,385.2,0.13778162911611785,2,0.9523809523809523,0.5578947368421052,285.0,28.5,1.1111110981156598,0.6560930494198721,0.1,367.8,0.24696707105719237,2,0.9,3
2026,hamilton,ferrari,Budapest,11,10,12,41.478439425051334,8,182,1,34,10.0,0,0,0,0.0,0.0,leclerc,-2.0,-8.0,0,0.45454545454545453,0.0,0.45454545454545453,0.16666666666666666,1.0197625798247816,1,2.0,4.181818181818182,1.0,3.0,44.0,0.0,0.0,4.363636363636363,3.909090909090909,15.363636363636363,11,0.9546350877692584,0.6882906961913294,5,169.0,358.6,0.1346613545816733,2,0.9523809523809523,0.5504885993485342,307.0,27.90909090909091,1.2301845672833547,0.6713434318607915,0.09090909090909091,363.8,0.2446215139442231,2,0.9,3
2026,hamilton,ferrari,Zandvoort,12,11,11,41.478439425051334,8,183,1,35,14.0,0,0,0,0.0,0.0,leclerc,-3.0,4.0,0,0.4166666666666667,0.5,0.4583333333333333,0.5,0.8362067235434366,1,5.0,4.25,1.0,1.0,36.0,0.0,0.0,4.5,4.041666666666667,15.25,12,0.7868852287019622,0.7319714566518363,5,183.0,332.6,0.13821752265861026,2,0.9523809523809523,0.5414201183431953,338.0,28.166666666666668,0.9822485090858165,0.6821073944483905,0.08333333333333333,367.6,0.24281609195402298,2,0.9,3
2026,hamilton,ferrari,Monza,13,12,10,41.478439425051334,8,184,1,36,8.0,0,0,0,0.0,0.0,leclerc,8.0,14.0,1,0.46153846153846156,-2.0,0.2692307692307692,-0.5,0.7622376236491034,1,5.0,4.3076923076923075,-1.0,-1.0,32.0,0.0,0.0,4.461538461538462,4.1923076923076925,14.692307692307692,13,0.7260034739301132,0.7095361978068188,5,191.0,323.0,0.13403508771929826,3,0.9047619047619048,0.5520231213872833,346.0,26.615384615384617,0.7639691619156077,0.6450133179726825,0.15384615384615385,346.0,0.231748158070998,2,0.9,3
2026,leclerc,ferrari,Melbourne,1,0,22,28.706365503080082,8,173,7,152,15.0,0,0,0,0.0,0.0,hamilton,3.0,0.0,1,1.0,1.0,1.0,1.0,0.9999996666667778,1,4.0,4.0,3.0,0.0,15.0,0.0,0.0,4.0,3.0,15.0,1,0.3333333259259261,1.0,1,15.0,345.0,0.1485148514851485,3,0.9047619047619048,0.5555555555555556,27.0,27.0,0.33333332921810704,1.0,0.0,351.0,0.26732673267326734,2,0.9,5
2026,leclerc,ferrari,Shanghai,2,1,21,28.706365503080082,8,174,7,153,19.0,0,0,0,0.0,0.0,hamilton,-2.0,0.0,0,0.5,2.0,1.5,1.5,0.9999996666667778,1,4.0,4.0,-1.0,1.0,34.0,0.0,0.0,4.5,3.0,17.0,2,0.6666666535947715,0.8573549498249805,2,34.0,391.0,0.14285714285714285,3,0.9047619047619048,0.5074626865671642,67.0,33.5,0.6666666600331675,0.78468321081869,0.0,435.5,0.2815126050420168,2,0.9,5
2026,leclerc,ferrari,Suzuka,3,2,20,28.706365503080082,8,175,7,154,15.0,0,0,0,0.0,0.0,hamilton,7.0,0.0,1,0.6666666666666666,1.0,1.3333333333333333,1.3333333333333333,0.9999996666667778,1,4.0,4.0,2.0,0.0,49.0,0.0,0.0,4.333333333333333,3.0,16.333333333333332,3,0.9999999795918372,0.8761232712926688,3,49.0,375.66666666666663,0.14454277286135694,3,0.9047619047619048,0.5444444444444444,90.0,30.0,0.9999999888888891,0.7714423536002399,0.0,390.0,0.26548672566371684,2,0.9,5
2026,leclerc,ferrari,Miami Gardens,4,3,19,28.706365503080082,8,176,7,155,10.0,0,0,0,0.0,0.0,hamilton,0.0,-3.0,1,0.75,-2.0,0.5,0.3333333333333333,0.9456519272212363,1,3.0,3.75,3.0,0.5,44.0,0.0,0.0,4.125,3.625,14.75,4,0.9943502600146834,0.8000843089009649,3,59.0,339.25,0.12394957983193278,3,0.9047619047619048,0.5363636363636364,110.0,27.5,1.0060605938659322,0.7573072773933764,0.0,357.5,0.23109243697478993,2,0.9,5
2026,leclerc,ferrari,Montréal,5,4,18,28.706365503080082,8,177,7,156,16.0,0,0,0,0.0,0.0,hamilton,-5.0,-3.0,0,0.6,2.5,0.9,0.5,0.8769228745562597,1,8.0,4.6,-3.0,-1.0,41.0,0.0,0.0,4.7,3.8,15.0,5,0.9111110908641981,0.8223517335711835,4,75.0,345.0,0.12234910277324633,3,0.9047619047619048,0.5102040816326531,147.0,29.4,0.9070294681742692,0.7709455921919703,0.0,382.2,0.2398042414355628,2,0.9,5
2026,leclerc,ferrari,Monaco,6,5,17,28.706365503080082,8,178,7,157,0.0,1,0,1,0.0,0.16666666666666666,hamilton,-18.0,-25.0,0,0.5,-13.0,-1.4166666666666667,-4.166666666666667,0.6666665925926009,1,4.0,4.5,-1.0,0.0,26.0,1.0,0.16666666666666666,4.583333333333333,6.0,12.5,5,0.6933333148444449,0.6169719230320224,4,75.0,279.0,0.10504201680672269,4,0.8571428571428572,0.45454545454545453,165.0,27.5,0.9090908980716255,0.7308613549449153,0.16666666666666666,358.20000000000005,0.23109243697478993,2,0.9,5
2026,leclerc,ferrari,Barcelona,7,6,16,28.706365503080082,8,179,7,158,0.0,0,0,0,0.0,0.14285714285714285,hamilton,-25.0,-25.0,0,0.42857142857142855,-5.0,-1.9285714285714286,-5.166666666666667,0.5988257824839867,1,10.0,5.285714285714286,-8.0,0.0,16.0,1.0,0.14285714285714285,5.357142857142857,7.285714285714286,10.714285714285714,5,0.4977777622913586,0.5117629994785343,4,75.0,206.2,0.09202453987730061,4,0.8571428571428572,0.39473684210526316,190.0,27.142857142857142,0.9824561282856265,0.7678766201380424,0.14285714285714285,337.6,0.2331288343558282,2,0.9,5
2026,leclerc,ferrari,Spielberg,8,7,15,28.706365503080082,8,180,7,159,4.0,0,0,0,0.0,0.125,hamilton,-6.0,-1.0,0,0.375,-6.0,-2.4375,-8.0,0.5531249585156282,1,2.0,4.875,1.0,0.0,4.0,1.0,0.125,4.9375,7.375,9.875,6,0.1350210924887395,0.4641016565896357,4,79.0,169.0,0.08624454148471616,5,0.8095238095238095,0.3872549019607843,204.0,25.5,0.7450980294758428,0.7198946303704158,0.125,318.0,0.22270742358078602,2,0.9,5
2026,leclerc,ferrari,Silverstone,9,8,14,28.706365503080082,8,181,7,160,29.0,0,0,0,0.0,0.1111111111111111,hamilton,7.0,25.0,0,0.3333333333333333,0.0,-2.1666666666666665,-3.6666666666666665,0.7948717031558293,1,2.0,4.555555555555555,1.0,1.0,33.0,0.0,0.1111111111111111,4.722222222222222,6.888888888888889,12.0,7,0.9166666412037044,0.43793486808489657,5,108.0,245.20000000000002,0.10256410256410256,4,0.8571428571428572,0.4235294117647059,255.0,28.333333333333332,1.0588235169550175,0.6578484336116311,0.1111111111111111,371.0,0.24216524216524216,2,0.9,5
2026,leclerc,ferrari,Spa-Francorchamps,10,9,13,28.706365503080082,8,182,7,161,18.0,0,0,0,0.0,0.1,hamilton,6.0,31.0,1,0.4,2.0,-1.75,-1.3333333333333333,1.4769227360947534,1,5.0,4.6,1.0,-1.0,51.0,0.0,0.1,4.65,6.4,12.6,8,1.3492063135130608,0.4424584144168226,6,126.0,258.6,0.10918544194107452,4,0.8571428571428572,0.4421052631578947,285.0,28.5,1.1111110981156598,0.6560930494198721,0.1,367.8,0.24696707105719237,2,0.9,5
2026,leclerc,ferrari,Budapest,11,10,12,28.706365503080082,8,183,7,162,12.0,0,0,0,0.0,0.09090909090909091,hamilton,2.0,8.0,1,0.45454545454545453,-2.0,-1.7727272727272727,0.0,2.0606053737376024,1,3.0,4.454545454545454,-1.0,-1.0,59.0,0.0,0.09090909090909091,4.409090909090909,6.181818181818182,12.545454545454545,9,1.5676328085894666,0.5223038821996935,6,138.0,289.2,0.1099601593625498,4,0.8571428571428572,0.4495114006514658,307.0,27.90909090909091,1.2301845672833547,0.6713434318607915,0.09090909090909091,363.8,0.2446215139442231,2,0.9,5
2026,leclerc,ferrari,Zandvoort,12,11,11,28.706365503080082,8,184,7,163,17.0,0,0,0,0.0,0.08333333333333333,hamilton,3.0,-4.0,1,0.5,1.0,-1.5416666666666667,0.3333333333333333,1.881578353185783,1,6.0,4.583333333333333,-1.0,-1.5,47.0,0.0,0.08333333333333333,4.416666666666667,5.958333333333333,12.916666666666666,10,1.212903194505724,0.6364908257071534,7,155.0,331.0,0.11706948640483383,4,0.8571428571428572,0.45857988165680474,338.0,28.166666666666668,0.9822485090858165,0.6821073944483905,0.08333333333333333,367.6,0.24281609195402298,2,0.9,5
2026,leclerc,ferrari,Monza,13,12,10,28.706365503080082,8,185,7,164,0.0,1,0,1,0.0,0.15384615384615385,hamilton,-8.0,-14.0,0,0.46153846153846156,-19.0,-2.8846153846153846,-6.666666666666667,0.7314210468698283,1,4.0,4.538461538461538,1.0,-1.0,29.0,1.0,0.15384615384615385,4.3076923076923075,7.1923076923076925,11.923076923076923,10,0.8107526655058395,0.5909474764253674,7,155.0,307.0,0.10877192982456141,5,0.8095238095238095,0.4479768786127168,346.0,26.615384615384617,0.7639691619156077,0.6450133179726825,0.15384615384615385,346.0,0.231748158070998,2,0.9,5
2026,bearman,haas,Melbourne,1,0,22,21.14715947980835,2,27,2,26,6.0,0,0,0,0.0,0.0,ocon,6.0,0.0,1,1.0,5.0,5.0,5.0,0.9999998571428775,1,12.0,12.0,1.0,0.0,6.0,0.0,0.0,12.0,7.0,6.0,1,0.3333333148148158,1.0,0,6.0,138.0,0.0594059405940594,7,0.7142857142857143,1.0,6.0,6.0,0.3333333148148158,1.0,0.0,78.0,0.0594059405940594,5,0.6,13
2026,bearman,haas,Shanghai,2,1,21,21.14715947980835,2,28,2,27,11.0,0,0,0,0.0,0.0,ocon,11.0,0.0,1,1.0,3.0,4.0,4.0,0.9999998518518738,1,10.0,11.0,3.0,-0.5,17.0,0.0,0.0,10.75,6.75,8.5,2,0.6666666405228768,0.7062420628941096,0,17.0,195.5,0.07142857142857142,5,0.8095238095238095,1.0,17.0,8.5,0.6666666405228768,0.7062420628941096,0.0,110.5,0.07142857142857142,4,0.7,13
2026,bearman,haas,Suzuka,3,2,20,21.14715947980835,2,29,2,28,0.0,1,0,1,0.0,0.3333333333333333,ocon,-1.0,0.0,0,0.6666666666666666,-4.0,1.3333333333333333,1.3333333333333333,0.999999915492965,1,18.0,13.333333333333334,-6.0,0.0,17.0,1.0,0.3333333333333333,13.166666666666666,11.833333333333334,5.666666666666667,2,0.999999941176474,0.5071189246342497,0,17.0,130.33333333333334,0.05014749262536873,7,0.7142857142857143,0.9444444444444444,18.0,6.0,0.9999999444444475,0.5454545867768558,0.3333333333333333,78.0,0.05309734513274336,4,0.7,13
2026,bearman,haas,Miami Gardens,4,3,19,21.14715947980835,2,30,2,29,0.0,0,0,0,0.0,0.25,ocon,0.0,-6.0,1,0.75,1.0,1.25,0.0,0.881249933906255,1,12.0,13.0,2.0,0.5,11.0,1.0,0.25,13.0,11.75,4.25,2,0.8627450303729388,0.4443249515480313,0,17.0,97.75,0.03571428571428571,7,0.7142857142857143,0.9444444444444444,18.0,4.5,0.8888888230452724,0.4704048978881719,0.25,58.5,0.037815126050420166,6,0.5,13
2026,bearman,haas,Montréal,5,4,18,21.14715947980835,2,31,2,30,1.0,0,0,0,0.0,0.2,ocon,1.0,-10.0,0,0.6,3.5,1.7,0.16666666666666666,0.7705262671246568,1,16.0,13.6,1.0,1.5,1.0,1.0,0.2,13.9,12.2,3.6,3,0.09259258401920518,0.42719798635243794,0,18.0,82.8,0.02936378466557912,9,0.6190476190476191,0.9473684210526315,19.0,3.8,0.17543858110187888,0.4492615447614718,0.2,49.4,0.03099510603588907,7,0.4,13
2026,bearman,haas,Monaco,6,5,17,21.14715947980835,2,32,2,31,0.0,1,0,1,0.0,0.3333333333333333,ocon,-2.0,-1.0,0,0.5,-1.0,1.25,1.1666666666666667,0.8901098314213298,1,19.0,14.5,-2.0,0.0,1.0,1.0,0.3333333333333333,14.75,13.5,3.0,3,0.11111109876543349,0.33208775779527977,0,18.0,58.8,0.025210084033613446,10,0.5714285714285714,0.8571428571428571,21.0,3.5,0.285714258503404,0.39852857617996085,0.3333333333333333,42.0,0.029411764705882353,7,0.4,13
2026,bearman,haas,Barcelona,7,6,16,21.14715947980835,2,33,2,32,0.0,0,0,0,0.0,0.2857142857142857,ocon,0.0,0.0,0,0.42857142857142855,-2.0,0.7857142857142857,0.16666666666666666,0.8235293633218022,1,15.0,14.571428571428571,2.0,0.0,1.0,1.0,0.2857142857142857,14.785714285714286,14.0,2.5714285714285716,3,0.1296296128257909,0.30901806200075477,0,18.0,21.2,0.022085889570552148,11,0.5238095238095238,0.8571428571428571,21.0,3.0,0.33333329629630043,0.4888006661306931,0.2857142857142857,25.8,0.025766871165644172,7,0.4,13
2026,bearman,haas,Spielberg,8,7,15,21.14715947980835,2,34,2,33,0.0,0,0,0,0.0,0.25,ocon,0.0,-1.0,1,0.5,-1.0,0.5625,-1.3333333333333333,0.8235293633218022,1,13.0,14.375,2.0,0.0,0.0,1.0,0.25,14.5625,14.0,2.25,3,0.0,0.30901806200075477,0,18.0,21.0,0.019650655021834062,10,0.5714285714285714,0.8571428571428571,21.0,2.625,0.25396822171832106,0.40149202458402616,0.25,24.0,0.02292576419213974,7,0.4,13
2026,bearman,haas,Silverstone,9,8,14,21.14715947980835,2,35,2,34,0.0,0,0,0,0.0,0.2222222222222222,ocon,0.0,2.0,1,0.5555555555555556,1.5,0.6666666666666666,-0.5,0.9469696324035858,1,14.0,14.333333333333334,3.0,0.5,0.0,0.0,0.2222222222222222,14.555555555555555,13.88888888888889,2.0,3,0.0,0.30901806200075477,0,18.0,20.8,0.017094017094017096,12,0.47619047619047616,0.8571428571428571,21.0,2.3333333333333335,0.0,0.40149202458402616,0.2222222222222222,23.4,0.019943019943019943,7,0.4,13
2026,bearman,haas,Spa-Francorchamps,10,9,13,21.14715947980835,2,36,2,35,0.0,0,0,0,0.0,0.2,ocon,0.0,0.0,1,0.6,0.0,0.6,0.16666666666666666,1.0170730963117247,1,16.0,14.5,2.0,-2.0,0.0,0.0,0.2,14.5,13.9,1.8,3,0.0,1.0,0,18.0,18.0,0.01559792027729636,13,0.4285714285714286,0.8571428571428571,21.0,2.1,0.0,0.30901752818826395,0.2,22.2,0.018197573656845753,6,0.5,13
2026,bearman,haas,Budapest,11,10,12,21.14715947980835,2,37,2,36,0.0,0,0,0,0.0,0.18181818181818182,ocon,0.0,0.0,0,0.5454545454545454,-2.0,0.36363636363636365,-0.16666666666666666,0.9367588321876651,1,17.0,14.727272727272727,-2.0,0.0,0.0,0.0,0.18181818181818182,14.727272727272727,14.363636363636363,1.6363636363636365,3,0.0,1.0,0,18.0,18.0,0.014342629482071713,13,0.4285714285714286,0.8571428571428571,21.0,1.9090909090909092,0.0,1.0,0.18181818181818182,21.0,0.016733067729083666,7,0.4,13
2026,bearman,haas,Zandvoort,12,11,11,21.14715947980835,2,38,2,37,0.0,1,0,1,0.0,0.25,ocon,0.0,0.0,0,0.5,0.5,0.375,-0.5,0.862745047289507,1,20.0,15.166666666666666,-5.0,-1.5,0.0,1.0,0.25,15.041666666666666,14.666666666666666,1.5,3,0.0,1.0,0,18.0,18.0,0.013595166163141994,11,0.5238095238095238,0.8571428571428571,21.0,1.75,0.0,1.0,0.25,21.0,0.015086206896551725,7,0.4,13
2026,bearman,haas,Monza,13,12,10,21.14715947980835,2,39,2,38,0.0,0,0,0,0.0,0.23076923076923078,ocon,0.0,0.0,1,0.5384615384615384,-4.0,0.038461538461538464,-1.8333333333333333,0.8476330871927656,1,12.0,14.923076923076923,4.0,-1.0,0.0,1.0,0.23076923076923078,14.73076923076923,14.692307692307692,1.3846153846153846,3,0.0,1.0,0,18.0,18.0,0.01263157894736842,12,0.47619047619047616,0.8571428571428571,21.0,1.6153846153846154,0.0,1.0,0.23076923076923078,21.0,0.01406563965170797,6,0.5,13
2026,ocon,haas,Melbourne,1,0,22,29.78507871321013,7,151,1,24,0.0,0,0,0,0.0,0.0,bearman,-6.0,0.0,0,0.0,2.0,2.0,2.0,0.9999999090909174,1,13.0,13.0,-1.0,0.0,0.0,0.0,0.0,13.0,11.0,0.0,0,0.0,1.0,0,0.0,0.0,0.0,11,0.5238095238095238,0.0,6.0,6.0,0.3333333148148158,1.0,0.0,78.0,0.0594059405940594,5,0.6,18
2026,ocon,haas,Shanghai,2,1,21,29.78507871321013,7,152,1,25,0.0,0,0,0,0.0,0.0,bearman,-11.0,0.0,0,0.0,0.5,1.25,1.25,0.9999999130434859,1,13.0,13.0,-3.0,-0.5,0.0,0.0,0.0,12.75,11.5,0.0,0,0.0,1.0,0,0.0,0.0,0.0,13,0.4285714285714286,0.0,17.0,8.5,0.6666666405228768,0.7062420628941096,0.0,110.5,0.07142857142857142,4,0.7,18
2026,ocon,haas,Suzuka,3,2,20,29.78507871321013,7,153,1,26,1.0,0,0,0,0.0,0.0,bearman,1.0,0.0,1,0.3333333333333333,2.0,1.5,1.5,0.9999999090909174,1,12.0,12.666666666666666,6.0,0.0,1.0,0.0,0.0,12.5,11.0,0.3333333333333333,1,0.9999990000010001,0.36602609993609686,0,1.0,7.666666666666666,0.0029498525073746312,13,0.4285714285714286,0.05555555555555555,18.0,6.0,0.9999999444444475,0.5454545867768558,0.3333333333333333,78.0,0.05309734513274336,4,0.7,18
2026,ocon,haas,Miami Gardens,4,3,19,29.78507871321013,7,154,1,27,0.0,0,0,0,0.0,0.0,bearman,0.0,6.0,0,0.25,3.0,1.875,1.8333333333333333,0.9926469712370319,1,14.0,13.0,-2.0,1.0,1.0,0.0,0.0,13.125,11.25,0.25,1,1.333331555557926,0.33333422222103704,0,1.0,5.75,0.0021008403361344537,13,0.4285714285714286,0.05555555555555555,18.0,4.5,0.8888888230452724,0.4704048978881719,0.25,58.5,0.037815126050420166,6,0.5,18
2026,ocon,haas,Montréal,5,4,18,29.78507871321013,7,155,1,28,0.0,0,0,0,0.0,0.0,bearman,-1.0,10.0,1,0.4,2.0,1.9,2.3333333333333335,0.9887323108113539,1,17.0,13.8,-1.0,-1.5,1.0,0.0,0.0,13.6,11.7,0.2,1,1.6666638888935181,0.30901806200075566,0,1.0,4.6,0.0016313213703099511,16,0.2857142857142857,0.05263157894736842,19.0,3.8,0.17543858110187888,0.4492615447614718,0.2,49.4,0.03099510603588907,7,0.4,18
2026,ocon,haas,Monaco,6,5,17,29.78507871321013,7,156,1,29,2.0,0,0,0,0.0,0.0,bearman,2.0,1.0,1,0.5,8.0,2.9166666666666665,4.333333333333333,0.9782607844990623,1,17.0,14.333333333333334,2.0,0.0,2.0,0.0,0.0,14.166666666666666,11.25,0.5,2,1.3333324444450372,0.40149202458402616,0,3.0,13.2,0.004201680672268907,15,0.33333333333333337,0.14285714285714285,21.0,3.5,0.285714258503404,0.39852857617996085,0.3333333333333333,42.0,0.029411764705882353,7,0.4,18
2026,ocon,haas,Barcelona,7,6,16,29.78507871321013,7,157,1,30,0.0,0,0,0,0.0,0.0,bearman,0.0,0.0,1,0.5714285714285714,4.0,3.0714285714285716,4.666666666666667,0.9718309037889378,1,17.0,14.714285714285714,-2.0,0.0,2.0,0.0,0.0,14.571428571428571,11.5,0.42857142857142855,2,1.5555543456799537,0.40149202458402616,0,3.0,12.6,0.0036809815950920245,16,0.2857142857142857,0.14285714285714285,21.0,3.0,0.33333329629630043,0.4888006661306931,0.2857142857142857,25.8,0.025766871165644172,7,0.4,18
2026,ocon,haas,Spielberg,8,7,15,29.78507871321013,7,158,1,31,0.0,0,0,0,0.0,0.0,bearman,0.0,1.0,0,0.5,-1.0,2.5625,3.6666666666666665,0.9523025563971667,1,15.0,14.75,-2.0,0.0,2.0,0.0,0.0,14.625,12.0625,0.375,2,1.777776197532269,0.30901752818826395,0,3.0,9.0,0.0032751091703056767,15,0.33333333333333337,0.14285714285714285,21.0,2.625,0.25396822171832106,0.40149202458402616,0.25,24.0,0.02292576419213974,7,0.4,18
2026,ocon,haas,Silverstone,9,8,14,29.78507871321013,7,159,1,32,0.0,0,0,0,0.0,0.0,bearman,0.0,-2.0,0,0.4444444444444444,2.5,2.5555555555555554,1.8333333333333333,0.8505746539833573,1,17.0,15.0,-3.0,0.0,0.0,0.0,0.0,14.88888888888889,12.333333333333334,0.3333333333333333,2,0.0,0.30901752818826395,0,3.0,8.600000000000001,0.002849002849002849,15,0.33333333333333337,0.14285714285714285,21.0,2.3333333333333335,0.0,0.40149202458402616,0.2222222222222222,23.4,0.019943019943019943,7,0.4,18
2026,ocon,haas,Spa-Francorchamps,10,9,13,29.78507871321013,7,160,1,33,0.0,0,0,0,0.0,0.0,bearman,0.0,0.0,0,0.4,-1.0,2.2,0.16666666666666666,0.8084210015734105,1,18.0,15.3,-2.0,-2.0,0.0,0.0,0.0,15.0,12.8,0.3,2,0.0,0.30901752818826395,0,3.0,8.2,0.0025996533795493936,17,0.23809523809523814,0.14285714285714285,21.0,2.1,0.0,0.30901752818826395,0.2,22.2,0.018197573656845753,6,0.5,18
2026,ocon,haas,Budapest,11,10,12,29.78507871321013,7,161,1,34,0.0,0,0,0,0.0,0.0,bearman,0.0,0.0,1,0.45454545454545453,-1.0,1.9090909090909092,0.16666666666666666,0.8267942061546244,1,15.0,15.272727272727273,2.0,0.0,0.0,0.0,0.0,15.0,13.090909090909092,0.2727272727272727,2,0.0,1.0,0,3.0,3.0,0.002390438247011952,17,0.23809523809523814,0.14285714285714285,21.0,1.9090909090909092,0.0,1.0,0.18181818181818182,21.0,0.016733067729083666,7,0.4,18
2026,ocon,haas,Zandvoort,12,11,11,29.78507871321013,7,162,1,35,0.0,1,0,1,0.0,0.08333333333333333,bearman,0.0,0.0,1,0.5,-1.5,1.625,-1.1666666666666667,0.8106060114784235,1,15.0,15.25,5.0,0.0,0.0,1.0,0.08333333333333333,15.0,13.375,0.25,2,0.0,1.0,0,3.0,3.0,0.0022658610271903325,15,0.33333333333333337,0.14285714285714285,21.0,1.75,0.0,1.0,0.25,21.0,0.015086206896551725,7,0.4,18
2026,ocon,haas,Monza,13,12,10,29.78507871321013,7,163,1,36,0.0,0,0,0,0.0,0.07692307692307693,bearman,0.0,0.0,0,0.46153846153846156,-2.0,1.3461538461538463,-1.5,0.8398096229142341,1,16.0,15.307692307692308,-4.0,-2.0,0.0,1.0,0.07692307692307693,14.923076923076923,13.576923076923077,0.23076923076923078,2,0.0,1.0,0,3.0,3.0,0.002105263157894737,16,0.2857142857142857,0.14285714285714285,21.0,1.6153846153846154,0.0,1.0,0.23076923076923078,21.0,0.01406563965170797,6,0.5,18
2026,norris,mclaren,Melbourne,1,0,22,26.63107460643395,7,152,7,152,10.0,0,0,0,0.0,0.0,piastri,10.0,0.0,1,1.0,1.0,1.0,1.0,0.99999980000004,1,6.0,6.0,-1.0,0.0,10.0,0.0,0.0,6.0,5.0,10.0,1,0.33333332222222256,1.0,0,10.0,230.0,0.09900990099009901,5,0.8095238095238095,1.0,10.0,10.0,0.33333332222222256,1.0,1.0,130.0,0.09900990099009901,3,0.8,4
2026,norris,mclaren,Shanghai,2,1,21,26.63107460643395,7,153,7,153,5.0,1,0,1,0.0,0.5,piastri,2.0,0.0,1,1.0,-7.5,-3.25,-3.25,0.9999998823529551,1,6.0,6.0,-1.0,-1.5,15.0,1.0,0.5,5.25,8.5,7.5,2,0.6666666370370383,0.6796227880143786,0,15.0,172.5,0.06302521008403361,6,0.7619047619047619,0.8333333333333334,18.0,9.0,0.6666666419753096,0.8642035312501919,1.0,117.0,0.07563025210084033,3,0.8,4
2026,norris,mclaren,Suzuka,3,2,20,26.63107460643395,7,154,7,154,10.0,0,0,0,0.0,0.3333333333333333,piastri,-8.0,0.0,0,0.6666666666666666,0.0,-2.1666666666666665,-2.1666666666666665,0.9999998636363822,1,5.0,5.666666666666667,-2.0,0.0,25.0,1.0,0.3333333333333333,5.166666666666667,7.333333333333333,8.333333333333334,3,0.9999999600000016,0.7427157484832151,0,25.0,191.66666666666669,0.07374631268436578,5,0.8095238095238095,0.5434782608695652,46.0,15.333333333333334,0.9999999782608701,0.5819438917932184,0.6666666666666666,199.33333333333334,0.13569321533923304,3,0.8,4
2026,norris,mclaren,Miami Gardens,4,3,19,26.63107460643395,7,155,7,155,26.0,0,0,0,0.0,0.25,piastri,4.0,-6.0,1,0.75,1.0,-1.375,-2.1666666666666665,0.9527025482103976,1,4.0,5.25,3.0,-1.5,41.0,1.0,0.25,4.5,5.875,12.75,4,1.0718953968131923,0.5823941193190679,1,51.0,293.25,0.10714285714285714,4,0.8571428571428572,0.5425531914893617,94.0,23.5,1.1914893448015695,0.5575879054560063,0.5,305.5,0.19747899159663865,3,0.8,4
2026,norris,mclaren,Montréal,5,4,18,26.63107460643395,7,156,7,156,7.0,1,0,1,0.0,0.4,piastri,2.0,0.0,0,0.6,-7.0,-2.5,-2.0,1.218181596694255,1,3.0,4.8,1.0,0.0,43.0,1.0,0.4,4.2,6.7,11.6,5,1.2356321484013753,0.5821930794805091,1,58.0,266.79999999999995,0.09461663947797716,5,0.8095238095238095,0.5471698113207547,106.0,21.2,1.3836477769866704,0.5557452410172958,0.6,275.6,0.1729200652528548,3,0.8,4
2026,norris,mclaren,Monaco,6,5,17,26.63107460643395,7,157,7,157,0.0,1,0,1,0.0,0.5,piastri,-10.0,-2.0,0,0.5,-11.0,-3.9166666666666665,-5.666666666666667,0.8606556530502637,1,8.0,5.333333333333333,-1.0,0.0,33.0,2.0,0.5,4.833333333333333,8.75,9.666666666666666,5,1.1379309952437588,0.4932163432841657,1,58.0,221.2,0.08123249299719888,5,0.8095238095238095,0.5,116.0,19.333333333333332,1.206896530915577,0.5557452410172958,0.6666666666666666,264.4,0.16246498599439776,3,0.8,4
2026,norris,mclaren,Barcelona,7,6,16,26.63107460643395,7,158,7,158,15.0,0,0,0,0.0,0.42857142857142855,piastri,5.0,1.0,1,0.5714285714285714,1.0,-3.2142857142857144,-5.666666666666667,0.7433035017438683,1,4.0,5.142857142857143,3.0,0.0,22.0,2.0,0.42857142857142855,4.714285714285714,7.928571428571429,10.428571428571429,6,0.7031963245553686,0.5443244867336031,2,73.0,258.6,0.08957055214723926,5,0.8095238095238095,0.5177304964539007,141.0,20.142857142857142,0.777777764906751,0.6171943685689196,0.5714285714285714,288.6,0.17300613496932515,3,0.8,4
2026,norris,mclaren,Spielberg,8,7,15,26.63107460643395,7,159,7,159,6.0,0,0,0,0.0,0.375,piastri,-6.0,-8.0,0,0.5,-1.0,-2.9375,-3.6666666666666665,0.8081895715665962,1,6.0,5.25,1.0,0.0,21.0,1.0,0.375,4.875,7.8125,9.875,7,0.7088607355658824,0.5183600729807897,2,79.0,241.0,0.08624454148471616,5,0.8095238095238095,0.4968553459119497,159.0,19.875,0.8888888739808994,0.5954297344263337,0.5,272.0,0.17358078602620086,3,0.8,4
2026,norris,mclaren,Silverstone,9,8,14,26.63107460643395,7,160,7,160,18.0,0,0,0,0.0,0.3333333333333333,piastri,16.0,26.0,1,0.5555555555555556,2.5,-2.3333333333333335,0.8333333333333334,1.6296292674897923,1,6.0,5.333333333333333,2.0,0.0,39.0,0.0,0.3333333333333333,5.0,7.333333333333333,10.777777777777779,8,1.206185529705602,0.5589485427822992,3,97.0,225.79999999999998,0.09211775878442545,5,0.8095238095238095,0.5418994413407822,179.0,19.88888888888889,1.055865904091633,0.7364803169120523,0.4444444444444444,247.0,0.16999050332383667,3,0.8,4
2026,norris,mclaren,Spa-Francorchamps,10,9,13,26.63107460643395,7,161,7,161,6.0,0,0,0,0.0,0.3,piastri,-4.0,-9.0,0,0.5,6.0,-1.5,2.5,1.251428356897996,1,3.0,5.1,4.0,10.0,30.0,0.0,0.3,5.8,7.3,10.3,9,0.9708737549879043,0.5505102847111217,3,103.0,220.0,0.08925476603119584,5,0.8095238095238095,0.5282051282051282,195.0,19.5,0.9230769072978307,0.7640976327614746,0.4,248.4,0.16897746967071056,3,0.8,4
2026,norris,mclaren,Budapest,11,10,12,26.63107460643395,7,162,7,162,25.0,0,0,0,0.0,0.2727272727272727,piastri,25.0,31.0,1,0.5454545454545454,0.0,-1.3636363636363635,2.8333333333333335,1.7549402536519496,1,1.0,4.7272727272727275,4.0,0.0,49.0,0.0,0.2727272727272727,5.363636363636363,6.7272727272727275,11.636363636363637,10,1.4036457931247301,0.631918587949236,4,128.0,296.0,0.10199203187250996,5,0.8095238095238095,0.5818181818181818,220.0,20.0,1.0166666497222225,0.8357923861590394,0.45454545454545453,261.6,0.1752988047808765,3,0.8,4
2026,norris,mclaren,Zandvoort,12,11,11,26.63107460643395,7,163,7,163,31.0,0,0,0,0.0,0.25,piastri,19.0,3.0,1,0.5833333333333334,-0.5,-1.2916666666666667,1.8333333333333333,1.8999994300001708,1,1.0,4.416666666666667,3.0,0.5,62.0,0.0,0.25,5.041666666666667,6.333333333333333,13.25,11,1.5597483884340029,0.6053865219761914,5,159.0,348.2,0.12009063444108761,3,0.9047619047619048,0.6045627376425855,263.0,21.916666666666668,1.277566520493285,0.6907787424091901,0.4166666666666667,287.4,0.18893678160919541,3,0.8,4
2026,norris,mclaren,Monza,13,12,10,26.63107460643395,7,164,7,164,12.0,0,0,0,0.0,0.23076923076923078,piastri,2.0,6.0,1,0.6153846153846154,4.0,-0.8846153846153846,1.1666666666666667,2.6373615070648486,1,9.0,4.769230769230769,-6.0,-1.0,68.0,0.0,0.23076923076923078,5.269230769230769,6.153846153846154,13.153846153846153,12,1.723196837423862,0.6486881799096339,5,171.0,355.0,0.12,4,0.8571428571428572,0.6,285.0,21.923076923076923,1.3684210318251773,0.7064012439799622,0.38461538461538464,285.0,0.19089082384460818,3,0.8,4
2026,piastri,mclaren,Melbourne,1,0,22,25.234770704996578,3,70,3,70,0.0,1,0,1,0.0,1.0,norris,-10.0,0.0,0,0.0,-16.0,-16.0,-16.0,0.9999999523809546,1,5.0,5.0,1.0,0.0,0.0,1.0,1.0,5.0,21.0,0.0,0,0.0,1.0,0,0.0,0.0,0.0,11,0.5238095238095238,0.0,10.0,10.0,0.33333332222222256,1.0,1.0,130.0,0.09900990099009901,3,0.8,7
2026,piastri,mclaren,Shanghai,2,1,21,25.234770704996578,3,71,3,71,3.0,1,0,1,0.0,1.0,norris,-2.0,0.0,0,0.0,-7.5,-11.75,-11.75,0.9999999402985109,1,5.0,5.0,1.0,0.0,3.0,2.0,1.0,5.0,16.75,1.5,1,0.6666665185185514,0.41421372413350843,0,3.0,34.5,0.012605042016806723,10,0.5714285714285714,0.16666666666666666,18.0,9.0,0.6666666419753096,0.8642035312501919,1.0,117.0,0.07563025210084033,3,0.8,7
2026,piastri,mclaren,Suzuka,3,2,20,25.234770704996578,3,72,3,72,18.0,0,0,0,0.0,0.6666666666666666,norris,8.0,0.0,1,0.3333333333333333,1.0,-7.5,-7.5,0.999999915492965,1,3.0,4.333333333333333,2.0,0.0,21.0,2.0,0.6666666666666666,4.333333333333333,11.833333333333334,7.0,2,0.9999999523809546,0.42058083769846805,1,21.0,161.0,0.061946902654867256,6,0.7619047619047619,0.45652173913043476,46.0,15.333333333333334,0.9999999782608701,0.5819438917932184,0.6666666666666666,199.33333333333334,0.13569321533923304,3,0.8,7
2026,piastri,mclaren,Miami Gardens,4,3,19,25.234770704996578,3,73,3,73,22.0,0,0,0,0.0,0.5,norris,-4.0,6.0,0,0.25,2.5,-5.0,-1.3333333333333333,1.6764702923875954,1,7.0,5.0,-3.0,-2.0,43.0,1.0,0.5,4.5,9.5,10.75,3,1.3333332919896654,0.49712636511813557,2,43.0,247.25,0.09033613445378151,5,0.8095238095238095,0.4574468085106383,94.0,23.5,1.1914893448015695,0.5575879054560063,0.5,305.5,0.19747899159663865,3,0.8,7
2026,piastri,mclaren,Montréal,5,4,18,25.234770704996578,3,74,3,74,5.0,0,0,0,0.0,0.4,norris,-2.0,0.0,1,0.4,-3.5,-4.7,0.0,2.274999431250142,1,4.0,4.8,-1.0,0.0,45.0,0.0,0.4,4.4,9.1,9.6,4,1.5624999457465298,0.49581217225932755,2,48.0,220.79999999999998,0.07830342577487764,6,0.7619047619047619,0.4528301886792453,106.0,21.2,1.3836477769866704,0.5557452410172958,0.6,275.6,0.1729200652528548,3,0.8,7
2026,piastri,mclaren,Monaco,6,5,17,25.234770704996578,3,75,3,75,10.0,0,0,0,0.0,0.3333333333333333,norris,10.0,2.0,1,0.5,2.0,-3.5833333333333335,0.3333333333333333,1.6833329966667339,1,7.0,5.166666666666667,1.0,0.0,37.0,0.0,0.3333333333333333,4.833333333333333,8.416666666666666,9.666666666666666,5,1.275862024970275,0.5857503991329578,2,58.0,255.2,0.08123249299719888,5,0.8095238095238095,0.5,116.0,19.333333333333332,1.206896530915577,0.5557452410172958,0.6666666666666666,264.4,0.16246498599439776,3,0.8,7
2026,piastri,mclaren,Barcelona,7,6,16,25.234770704996578,3,76,3,76,10.0,0,0,0,0.0,0.2857142857142857,norris,-5.0,-1.0,0,0.42857142857142855,2.0,-2.7857142857142856,0.16666666666666666,1.3591834404665124,1,7.0,5.428571428571429,-3.0,0.0,25.0,0.0,0.2857142857142857,5.142857142857143,7.928571428571429,9.714285714285714,6,0.8578431078191091,0.654725346854698,2,68.0,276.0,0.0834355828220859,6,0.7619047619047619,0.48226950354609927,141.0,20.142857142857142,0.777777764906751,0.6171943685689196,0.5714285714285714,288.6,0.17300613496932515,3,0.8,7
2026,piastri,mclaren,Spielberg,8,7,15,25.234770704996578,3,77,3,77,12.0,0,0,0,0.0,0.25,norris,6.0,8.0,1,0.5,3.0,-2.0625,2.3333333333333335,1.593749658482216,1,7.0,5.625,-1.0,0.0,32.0,0.0,0.25,5.375,7.4375,10.0,7,1.0666666311111122,0.6533418227064168,2,80.0,257.0,0.08733624454148471,4,0.8571428571428572,0.5031446540880503,159.0,19.875,0.8888888739808994,0.5954297344263337,0.5,272.0,0.17358078602620086,3,0.8,7
2026,piastri,mclaren,Silverstone,9,8,14,25.234770704996578,3,78,3,78,2.0,0,0,0,0.0,0.2222222222222222,norris,-16.0,-26.0,0,0.4444444444444444,-1.5,-2.0,1.1666666666666667,1.2685183070988006,1,8.0,5.888888888888889,-2.0,-0.5,24.0,0.0,0.2222222222222222,5.611111111111111,7.611111111111111,9.11111111111111,8,0.8780487483640702,0.6528678450225126,2,82.0,191.2,0.0778727445394112,6,0.7619047619047619,0.4581005586592179,179.0,19.88888888888889,1.055865904091633,0.7364803169120523,0.4444444444444444,247.0,0.16999050332383667,3,0.8,7
2026,piastri,mclaren,Spa-Francorchamps,10,9,13,25.234770704996578,3,79,3,79,10.0,0,0,0,0.0,0.2,norris,4.0,9.0,1,0.5,1.0,-1.7,0.8333333333333334,1.2249997958333674,1,7.0,6.0,-4.0,-1.0,24.0,0.0,0.2,5.65,7.35,9.2,9,0.8695651858853194,0.6929833774268569,2,92.0,206.4,0.07972270363951472,6,0.7619047619047619,0.4717948717948718,195.0,19.5,0.9230769072978307,0.7640976327614746,0.4,248.4,0.16897746967071056,3,0.8,7
2026,piastri,mclaren,Budapest,11,10,12,25.234770704996578,3,80,3,80,0.0,1,0,1,0.0,0.2727272727272727,norris,-25.0,-31.0,0,0.45454545454545453,-17.0,-3.090909090909091,-5.833333333333333,0.7499999338235352,1,5.0,5.909090909090909,-4.0,-2.0,12.0,1.0,0.2727272727272727,5.409090909090909,8.5,8.363636363636363,9,0.47826085050409656,0.5572079849800637,2,92.0,173.6,0.07330677290836653,7,0.7142857142857143,0.41818181818181815,220.0,20.0,1.0166666497222225,0.8357923861590394,0.45454545454545453,261.6,0.1752988047808765,3,0.8,7
2026,piastri,mclaren,Zandvoort,12,11,11,25.234770704996578,3,81,3,81,12.0,0,0,0,0.0,0.25,norris,-19.0,-3.0,0,0.4166666666666667,-1.5,-2.9583333333333335,-5.833333333333333,0.8114753300188201,1,4.0,5.75,-3.0,0.0,22.0,1.0,0.25,5.291666666666667,8.25,8.666666666666666,10,0.8461538136094686,0.5554722640288883,2,104.0,183.2,0.07854984894259819,6,0.7619047619047619,0.39543726235741444,263.0,21.916666666666668,1.277566520493285,0.6907787424091901,0.4166666666666667,287.4,0.18893678160919541,3,0.8,7
2026,piastri,mclaren,Monza,13,12,10,25.234770704996578,3,82,3,82,10.0,0,0,0,0.0,0.23076923076923078,norris,-2.0,-6.0,0,0.38461538461538464,1.0,-2.6538461538461537,-5.833333333333333,0.7868851685030983,1,3.0,5.538461538461538,6.0,3.0,22.0,1.0,0.23076923076923078,5.346153846153846,8.0,8.76923076923077,11,0.836257278153963,0.5572079849800637,2,114.0,182.0,0.08,7,0.7142857142857143,0.4,285.0,21.923076923076923,1.3684210318251773,0.7064012439799622,0.38461538461538464,285.0,0.19089082384460818,3,0.8,7
2026,antonelli,mercedes,Melbourne,1,0,22,19.849418206707735,1,24,1,24,18.0,0,0,0,0.0,0.0,russell,-7.0,0.0,0,0.0,0.0,0.0,0.0,0.99999950000025,1,2.0,2.0,-1.0,0.0,18.0,0.0,0.0,2.0,2.0,18.0,1,0.33333332716049396,1.0,1,18.0,414.0,0.1782178217821782,2,0.9523809523809523,0.4186046511627907,43.0,43.0,0.333333330749354,1.0,0.0,559.0,0.42574257425742573,1,1.0,1
2026,antonelli,mercedes,Shanghai,2,1,21,19.849418206707735,1,25,1,25,29.0,0,0,0,0.0,0.0,russell,3.0,0.0,0,0.0,-1.5,-0.75,-0.75,0.99999960000016,1,1.0,1.5,1.0,0.5,47.0,0.0,0.0,1.75,2.5,23.5,2,0.6666666572104021,0.7513226252627142,2,47.0,540.5,0.19747899159663865,2,0.9523809523809523,0.47959183673469385,98.0,49.0,0.6666666621315194,0.8523921076181203,0.0,637.0,0.4117647058823529,1,1.0,1
2026,antonelli,mercedes,Suzuka,3,2,20,19.849418206707735,1,26,1,26,25.0,0,0,0,0.0,0.0,russell,13.0,0.0,1,0.3333333333333333,0.0,-0.5,-0.5,0.99999950000025,1,1.0,1.3333333333333333,1.0,0.0,72.0,0.0,0.0,1.5,2.0,24.0,3,0.9999999861111113,0.8116947867210377,3,72.0,552.0,0.21238938053097345,1,1.0,0.5333333333333333,135.0,45.0,0.9999999925925926,0.830792474764297,0.0,585.0,0.39823008849557523,1,1.0,1
2026,antonelli,mercedes,Miami Gardens,4,3,19,19.849418206707735,1,27,1,27,28.0,0,0,0,0.0,0.0,russell,11.0,18.0,1,0.5,-2.0,-0.875,-1.1666666666666667,0.9499996200001519,1,1.0,1.25,4.0,0.5,82.0,0.0,0.0,1.5,2.375,25.0,4,1.0933333187555558,0.8342634088378907,4,100.0,575.0,0.21008403361344538,1,1.0,0.5555555555555556,180.0,45.0,1.0148148072976682,0.8574153583238437,0.0,585.0,0.37815126050420167,1,1.0,1
2026,antonelli,mercedes,Montréal,5,4,18,19.849418206707735,1,28,1,28,31.0,0,0,0,0.0,0.0,russell,23.0,20.0,1,0.6,0.0,-0.7,-0.6666666666666666,1.0615379715978592,1,2.0,1.4,-1.0,0.0,84.0,0.0,0.0,1.6,2.3,26.2,5,1.068702276479615,0.8378767212196505,5,131.0,602.5999999999999,0.2137030995106036,1,1.0,0.5981735159817352,219.0,43.8,0.920852352200515,0.8619625772914896,0.2,569.4,0.3572593800978793,1,1.0,1
2026,antonelli,mercedes,Monaco,6,5,17,19.849418206707735,1,29,1,29,25.0,0,0,0,0.0,0.0,russell,25.0,12.0,1,0.6666666666666666,0.0,-0.5833333333333334,-0.6666666666666666,0.9615380177516842,1,1.0,1.3333333333333333,5.0,0.0,84.0,0.0,0.0,1.5,2.0833333333333335,26.0,6,1.076923063116371,0.9136749067553606,6,156.0,625.2,0.2184873949579832,1,1.0,0.639344262295082,244.0,40.666666666666664,0.8934426156275196,0.785016926640775,0.16666666666666666,525.4000000000001,0.34173669467787116,1,1.0,1
2026,antonelli,mercedes,Barcelona,7,6,16,19.849418206707735,1,30,1,30,0.0,0,0,0,0.0,0.0,russell,-18.0,-29.0,0,0.5714285714285714,-13.0,-2.357142857142857,-4.333333333333333,0.6428570413533995,1,3.0,1.5714285714285714,-2.0,0.0,56.0,0.0,0.0,1.7142857142857142,4.071428571428571,22.285714285714285,6,0.8376068250785303,0.6367223188950644,6,156.0,504.8,0.19141104294478528,1,1.0,0.5954198473282443,262.0,37.42857142857143,0.7302798917150646,0.7487031203089205,0.14285714285714285,458.79999999999995,0.3214723926380368,1,1.0,1
2026,antonelli,mercedes,Spielberg,8,7,15,19.849418206707735,1,31,1,31,15.0,0,0,0,0.0,0.0,russell,-10.0,-33.0,0,0.5,1.0,-1.9375,-4.0,0.5906249114062633,1,4.0,1.875,-3.0,0.0,40.0,0.0,0.0,2.0,3.9375,21.375,7,0.623781666685666,0.6111560388821025,7,171.0,468.0,0.18668122270742357,1,1.0,0.5662251655629139,302.0,37.75,0.7328918257581296,0.7460183707648874,0.125,469.0,0.3296943231441048,1,1.0,1
2026,antonelli,mercedes,Silverstone,9,8,14,19.849418206707735,1,32,1,32,8.0,0,0,0,0.0,0.0,russell,-15.0,-40.0,0,0.4444444444444444,-6.5,-2.4444444444444446,-6.166666666666667,0.487654266803847,1,1.0,1.7777777777777777,3.0,0.5,23.0,0.0,0.0,1.9444444444444444,4.388888888888889,19.88888888888889,8,0.3854748538747231,0.5579492782922311,7,179.0,400.20000000000005,0.16999050332383667,1,1.0,0.5375375375375375,333.0,37.0,0.8018017945783622,0.7660831151959223,0.1111111111111111,455.4,0.3162393162393162,1,1.0,1
2026,antonelli,mercedes,Spa-Francorchamps,10,9,13,19.849418206707735,1,33,1,33,25.0,0,0,0,0.0,0.0,russell,25.0,43.0,1,0.5,0.0,-2.2,-1.8333333333333333,1.0124997468750632,1,1.0,1.7,3.0,0.0,48.0,0.0,0.0,1.85,4.05,20.4,9,0.7843137126746126,0.5730753589864227,8,204.0,393.79999999999995,0.17677642980935876,1,1.0,0.5698324022346368,358.0,35.8,0.8938547402806822,0.7716220572370871,0.2,441.4,0.31022530329289427,1,1.0,1
2026,antonelli,mercedes,Budapest,11,10,12,19.849418206707735,1,34,1,34,15.0,0,0,0,0.0,0.0,russell,9.0,19.0,1,0.5454545454545454,4.0,-1.6363636363636365,-0.8333333333333334,0.9886361164773345,1,4.0,1.9090909090909092,3.0,3.0,48.0,0.0,0.0,2.3181818181818183,3.9545454545454546,19.90909090909091,10,0.8036529545811529,0.5756111212653248,9,219.0,370.2,0.1745019920318725,1,1.0,0.5778364116094987,379.0,34.45454545454545,0.7449428248070615,0.7553202340613718,0.18181818181818182,433.0,0.30199203187250995,1,1.0,1
2026,antonelli,mercedes,Zandvoort,12,11,11,19.849418206707735,1,35,1,35,23.0,0,0,0,0.0,0.0,russell,0.0,15.0,0,0.5,1.0,-1.4166666666666667,1.6666666666666667,1.6607135739798966,1,3.0,2.0,-1.0,1.0,63.0,0.0,0.0,2.4583333333333335,3.875,20.166666666666668,11,1.041322296837648,0.7145757817391498,10,242.0,431.2,0.18277945619335348,1,1.0,0.5694117647058824,425.0,35.416666666666664,0.8658823447916956,0.758870680094417,0.16666666666666666,457.6,0.305316091954023,1,1.0,1
2026,antonelli,mercedes,Monza,13,12,10,19.849418206707735,1,36,1,36,25.0,0,0,0,0.0,0.0,russell,7.0,-18.0,1,0.5384615384615384,18.0,0.07692307692307693,7.666666666666667,1.5659333948197536,1,7.0,2.3846153846153846,-5.0,12.0,63.0,0.0,0.0,3.730769230769231,3.6538461538461537,20.53846153846154,12,1.0224718935179342,0.7191909407084526,11,267.0,459.0,0.18736842105263157,1,1.0,0.5705128205128205,468.0,36.0,1.0185185090877915,0.751750723355071,0.15384615384615385,468.0,0.3134628265237776,1,1.0,1
2026,russell,mercedes,Melbourne,1,0,22,28.372347707049965,7,152,4,92,25.0,0,0,0,0.0,0.0,antonelli,7.0,0.0,1,1.0,0.0,0.0,0.0,0.9999990000010001,1,1.0,1.0,1.0,0.0,25.0,0.0,0.0,1.0,1.0,25.0,1,0.33333332888888895,1.0,1,25.0,575.0,0.24752475247524752,1,1.0,0.5813953488372093,43.0,43.0,0.333333330749354,1.0,0.0,559.0,0.42574257425742573,1,1.0,2
2026,russell,mercedes,Shanghai,2,1,21,28.372347707049965,7,153,4,93,26.0,0,0,0,0.0,0.0,antonelli,-3.0,0.0,1,1.0,0.0,0.0,0.0,0.99999920000064,1,2.0,1.5,-1.0,-0.5,51.0,0.0,0.0,1.25,1.25,25.5,2,0.6666666579520698,0.9730185113485066,2,51.0,586.5,0.21428571428571427,1,1.0,0.5204081632653061,98.0,49.0,0.6666666621315194,0.8523921076181203,0.0,637.0,0.4117647058823529,1,1.0,2
2026,russell,mercedes,Suzuka,3,2,20,28.372347707049965,7,154,4,94,12.0,0,0,0,0.0,0.0,antonelli,-13.0,0.0,0,0.6666666666666666,-2.0,-0.6666666666666666,-0.6666666666666666,0.9999995384617514,1,2.0,1.6666666666666667,-1.0,0.0,63.0,0.0,0.0,1.5,2.1666666666666665,21.0,3,0.9999999841269844,0.7289072641621204,2,63.0,483.0,0.18584070796460178,2,0.9523809523809523,0.4666666666666667,135.0,45.0,0.9999999925925926,0.830792474764297,0.0,585.0,0.39823008849557523,1,1.0,2
2026,russell,mercedes,Miami Gardens,4,3,19,28.372347707049965,7,155,4,95,17.0,0,0,0,0.0,0.0,antonelli,-11.0,-18.0,0,0.5,1.5,-0.125,-0.16666666666666666,0.8289471066482821,1,5.0,2.5,-4.0,0.5,55.0,0.0,0.0,2.5,2.625,20.0,4,0.9166666513888891,0.7495321359202048,3,80.0,460.0,0.16806722689075632,2,0.9523809523809523,0.4444444444444444,180.0,45.0,1.0148148072976682,0.8574153583238437,0.0,585.0,0.37815126050420167,1,1.0,2
2026,russell,mercedes,Montréal,5,4,18,28.372347707049965,7,156,4,96,8.0,1,0,1,0.0,0.2,antonelli,-23.0,-20.0,0,0.4,-9.0,-1.9,-3.1666666666666665,0.6833332194444633,1,1.0,2.2,1.0,0.0,37.0,1.0,0.2,2.2,4.1,17.6,5,0.7007575624856522,0.6903846629366387,3,88.0,404.8,0.14355628058727568,2,0.9523809523809523,0.4018264840182648,219.0,43.8,0.920852352200515,0.8619625772914896,0.2,569.4,0.3572593800978793,1,1.0,2
2026,russell,mercedes,Monaco,6,5,17,28.372347707049965,7,157,4,97,0.0,0,0,0,0.0,0.16666666666666666,antonelli,-25.0,-12.0,0,0.3333333333333333,-6.0,-2.5833333333333335,-4.5,0.6249999278846239,1,6.0,2.8333333333333335,-5.0,0.0,25.0,1.0,0.16666666666666666,2.8333333333333335,5.416666666666667,14.666666666666666,5,0.5681818052685954,0.5640984034746656,3,88.0,302.2,0.12324929971988796,3,0.9047619047619048,0.36065573770491804,244.0,40.666666666666664,0.8934426156275196,0.785016926640775,0.16666666666666666,525.4000000000001,0.34173669467787116,1,1.0,2
2026,russell,mercedes,Barcelona,7,6,16,28.372347707049965,7,158,4,98,18.0,0,0,0,0.0,0.14285714285714285,antonelli,18.0,29.0,1,0.42857142857142855,-1.0,-2.357142857142857,-5.333333333333333,0.6160713515625097,1,1.0,2.5714285714285716,2.0,0.0,26.0,1.0,0.14285714285714285,2.5714285714285716,4.928571428571429,15.142857142857142,6,0.5723270314267634,0.5995050738891741,4,106.0,282.0,0.13006134969325153,3,0.9047619047619048,0.40458015267175573,262.0,37.42857142857143,0.7302798917150646,0.7487031203089205,0.14285714285714285,458.79999999999995,0.3214723926380368,1,1.0,2
2026,russell,mercedes,Spielberg,8,7,15,28.372347707049965,7,159,4,99,25.0,0,0,0,0.0,0.125,antonelli,10.0,33.0,1,0.5,0.0,-2.0625,-2.3333333333333335,0.8874998225000355,1,1.0,2.375,3.0,0.0,43.0,0.0,0.125,2.375,4.4375,16.375,7,0.8753180483395817,0.5834201100496313,5,131.0,335.0,0.14301310043668122,2,0.9523809523809523,0.4337748344370861,302.0,37.75,0.7328918257581296,0.7460183707648874,0.125,469.0,0.3296943231441048,1,1.0,2
2026,russell,mercedes,Silverstone,9,8,14,28.372347707049965,7,160,4,100,23.0,0,0,0,0.0,0.1111111111111111,antonelli,15.0,40.0,1,0.5555555555555556,1.5,-1.6666666666666667,0.16666666666666666,2.138887819444979,1,4.0,2.5555555555555554,-3.0,0.5,66.0,0.0,0.1111111111111111,2.611111111111111,4.277777777777778,17.11111111111111,8,1.2857142606679042,0.583393283862972,6,154.0,361.20000000000005,0.1462488129154796,2,0.9523809523809523,0.4624624624624625,333.0,37.0,0.8018017945783622,0.7660831151959223,0.1111111111111111,455.4,0.3162393162393162,1,1.0,2
2026,russell,mercedes,Spa-Francorchamps,10,9,13,28.372347707049965,7,161,4,101,0.0,1,0,1,0.0,0.2,antonelli,-25.0,-43.0,0,0.5,-19.0,-3.4,-5.833333333333333,0.6980768425295952,1,4.0,2.7,-3.0,-1.0,48.0,1.0,0.2,2.65,6.05,15.4,8,1.0389610164727052,0.517309195929347,6,154.0,325.6,0.13344887348353554,3,0.9047619047619048,0.4301675977653631,358.0,35.8,0.8938547402806822,0.7716220572370871,0.2,441.4,0.31022530329289427,1,1.0,2
2026,russell,mercedes,Budapest,11,10,12,28.372347707049965,7,162,4,102,6.0,0,0,0,0.0,0.18181818181818182,antonelli,-9.0,-19.0,0,0.45454545454545453,-1.0,-3.1818181818181817,-6.166666666666667,0.5752840369762126,1,7.0,3.090909090909091,-3.0,-1.0,29.0,1.0,0.18181818181818182,2.9545454545454546,6.136363636363637,14.545454545454545,9,0.6645833181032991,0.5686652828874277,6,160.0,332.8,0.12749003984063745,3,0.9047619047619048,0.42216358839050133,379.0,34.45454545454545,0.7449428248070615,0.7553202340613718,0.18181818181818182,433.0,0.30199203187250995,1,1.0,2
2026,russell,mercedes,Zandvoort,12,11,11,28.372347707049965,7,163,4,103,23.0,0,0,0,0.0,0.16666666666666666,antonelli,0.0,-15.0,1,0.5,-0.5,-2.9583333333333335,-6.833333333333333,0.5604838167273726,1,2.0,3.0,1.0,-0.5,29.0,1.0,0.16666666666666666,2.8333333333333335,5.791666666666667,15.25,10,0.6338797675654696,0.5715227047556426,7,183.0,352.4,0.13821752265861026,2,0.9523809523809523,0.43058823529411766,425.0,35.416666666666664,0.8658823447916956,0.758870680094417,0.16666666666666666,457.6,0.305316091954023,1,1.0,2
2026,russell,mercedes,Monza,13,12,10,28.372347707049965,7,164,4,104,18.0,0,0,0,0.0,0.15384615384615385,antonelli,-7.0,18.0,0,0.46153846153846156,0.0,-2.730769230769231,-0.5,1.4999995909092025,1,2.0,2.923076923076923,5.0,0.0,47.0,0.0,0.15384615384615385,2.769230769230769,5.5,15.461538461538462,11,1.013266976496732,0.5722642168460478,8,201.0,341.0,0.14105263157894737,2,0.9523809523809523,0.42948717948717946,468.0,36.0,1.0185185090877915,0.751750723355071,0.15384615384615385,468.0,0.3134628265237776,1,1.0,2
2026,arvid_lindblad,rb,Melbourne,1,0,22,18.89664613278576,0,0,0,0,4.0,0,0,0,0.0,0.0,lawson,4.0,0.0,1,1.0,1.0,1.0,1.0,0.9999998750000157,1,9.0,9.0,-1.0,0.0,4.0,0.0,0.0,9.0,8.0,4.0,1,0.3333333055555579,1.0,0,4.0,92.0,0.039603960396039604,8,0.6666666666666667,1.0,4.0,4.0,0.3333333055555579,1.0,0.0,52.0,0.039603960396039604,6,0.5,11
2026,arvid_lindblad,rb,Shanghai,2,1,21,18.89664613278576,0,1,0,1,0.0,1,0,1,0.0,0.5,lawson,-8.0,0.0,0,0.5,-2.0,-0.5,-0.5,0.9999999200000065,1,15.0,12.0,-1.0,0.0,4.0,1.0,0.5,12.0,12.5,2.0,1,0.6666665555555741,0.4142136836934135,0,4.0,46.0,0.01680672268907563,9,0.6190476190476191,0.3333333333333333,12.0,6.0,0.6666666296296316,0.6796227952722326,0.5,78.0,0.05042016806722689,5,0.6,11
2026,arvid_lindblad,rb,Suzuka,3,2,20,18.89664613278576,0,2,0,2,0.0,0,0,0,0.0,0.3333333333333333,lawson,-2.0,0.0,0,0.3333333333333333,-4.0,-1.6666666666666667,-1.6666666666666667,0.9999999230769291,1,10.0,11.333333333333334,4.0,0.0,4.0,1.0,0.3333333333333333,11.333333333333334,13.0,1.3333333333333333,1,0.9999997500000625,0.36602557782249645,0,4.0,30.666666666666664,0.011799410029498525,11,0.5238095238095238,0.2857142857142857,14.0,4.666666666666667,0.9999999285714337,0.6043561274988496,0.3333333333333333,60.66666666666667,0.04129793510324484,6,0.5,11
2026,arvid_lindblad,rb,Miami Gardens,4,3,19,18.89664613278576,0,3,0,3,0.0,1,0,1,0.0,0.5,lawson,0.0,-4.0,0,0.25,1.5,-0.875,-1.5,0.8737112861621884,1,16.0,12.5,-5.0,3.0,0.0,2.0,0.5,13.25,14.125,1.0,1,0.0,0.3333335555554815,0,4.0,23.0,0.008403361344537815,11,0.5238095238095238,0.2857142857142857,14.0,3.5,0.9523808616780133,0.5060985394987383,0.5,45.5,0.029411764705882353,7,0.4,11
2026,arvid_lindblad,rb,Montréal,5,4,18,18.89664613278576,0,4,0,4,1.0,1,0,1,0.0,0.6,lawson,-5.0,3.0,0,0.2,-6.0,-1.9,-2.8333333333333335,0.9225805856399623,1,9.0,11.8,3.0,0.0,1.0,2.0,0.6,12.4,14.3,1.0,2,0.33333322222225925,0.36602563583516123,0,5.0,23.0,0.008156606851549755,14,0.38095238095238093,0.23809523809523808,21.0,4.2,0.7142856575963763,0.5565391199781461,0.6,54.6,0.03425774877650897,6,0.5,11
2026,arvid_lindblad,rb,Monaco,6,5,17,18.89664613278576,0,5,0,5,6.0,0,0,0,0.0,0.5,lawson,-2.0,0.0,0,0.16666666666666666,8.0,-0.25,1.1666666666666667,0.9936708106072804,1,15.0,12.333333333333334,-5.0,0.0,7.0,2.0,0.5,12.833333333333334,13.083333333333334,1.8333333333333333,3,1.2727270413223561,0.3493293662636405,0,11.0,34.8,0.015406162464985995,12,0.47619047619047616,0.3142857142857143,35.0,5.833333333333333,1.1999999314285752,0.530120607311619,0.5,78.4,0.049019607843137254,6,0.5,11
2026,arvid_lindblad,rb,Barcelona,7,6,16,18.89664613278576,0,6,0,6,2.0,0,0,0,0.0,0.42857142857142855,lawson,-2.0,-2.0,0,0.14285714285714285,2.0,0.07142857142857142,1.3333333333333333,1.2096773022892933,1,11.0,12.142857142857142,-3.0,0.0,9.0,1.0,0.42857142857142855,12.571428571428571,12.5,1.8571428571428572,4,1.6153843254438391,0.4195825188352536,0,13.0,41.8,0.015950920245398775,13,0.4285714285714286,0.3170731707317073,41.0,5.857142857142857,1.536585278405716,0.5176860521110893,0.42857142857142855,75.8,0.05030674846625767,6,0.5,11
2026,arvid_lindblad,rb,Spielberg,8,7,15,18.89664613278576,0,7,0,7,1.0,0,0,0,0.0,0.375,lawson,-1.0,4.0,0,0.125,0.0,0.0625,3.3333333333333335,1.4062498377404036,1,10.0,11.875,-1.0,0.0,9.0,0.0,0.375,12.25,12.1875,1.75,5,1.7142853877551643,0.4602772974266397,0,14.0,44.0,0.015283842794759825,12,0.47619047619047616,0.3181818181818182,44.0,5.5,1.3939393094582235,0.5336158714660261,0.375,74.0,0.048034934497816595,6,0.5,11
2026,arvid_lindblad,rb,Silverstone,9,8,14,18.89664613278576,0,8,0,8,6.0,0,0,0,0.0,0.3333333333333333,lawson,-3.0,-1.0,0,0.1111111111111111,1.0,0.16666666666666666,1.0,1.284848344683211,1,9.0,11.555555555555555,1.0,0.5,9.0,0.0,0.3333333333333333,11.944444444444445,11.777777777777779,2.2222222222222223,6,1.3499997975000302,0.5528264536515991,0,20.0,64.80000000000001,0.01899335232668566,11,0.5238095238095238,0.3389830508474576,59.0,6.555555555555555,1.220338920999716,0.6318430507499886,0.3333333333333333,95.0,0.0560303893637227,6,0.5,11
2026,arvid_lindblad,rb,Spa-Francorchamps,10,9,13,18.89664613278576,0,9,0,9,2.0,0,0,0,0.0,0.3,lawson,2.0,4.0,1,0.2,-2.0,-0.05,-0.3333333333333333,1.2545453176859656,1,8.0,11.2,3.0,-1.0,9.0,0.0,0.3,11.45,11.5,2.2,7,1.3636361570248245,0.5853673780563484,0,22.0,66.19999999999999,0.019064124783362217,11,0.5238095238095238,0.36065573770491804,61.0,6.1,1.092896115142289,0.566422866333836,0.3,85.0,0.05285961871750433,5,0.6,11
2026,arvid_lindblad,rb,Budapest,11,10,12,18.89664613278576,0,10,0,10,1.0,0,0,0,0.0,0.2727272727272727,lawson,-3.0,-2.0,0,0.18181818181818182,-1.0,-0.13636363636363635,-0.6666666666666666,1.239669286250954,1,9.0,11.0,2.0,0.0,9.0,0.0,0.2727272727272727,11.227272727272727,11.363636363636363,2.090909090909091,8,1.4347823799622292,0.5364754975858129,0,23.0,51.8,0.018326693227091632,11,0.5238095238095238,0.3484848484848485,66.0,6.0,1.2222221543209915,0.5454287884348337,0.2727272727272727,78.4,0.05258964143426295,5,0.6,11
2026,arvid_lindblad,rb,Zandvoort,12,11,11,18.89664613278576,0,11,0,11,0.0,0,0,0,0.0,0.25,tsunoda,0.0,3.0,1,0.25,-1.0,-0.20833333333333334,-1.3333333333333333,1.1333332200000115,1,10.0,10.916666666666666,2.0,0.0,3.0,0.0,0.25,11.125,11.333333333333334,1.9166666666666667,8,0.5217390396975583,0.4602772974266397,0,23.0,45.0,0.017371601208459216,9,0.6190476190476191,0.3484848484848485,66.0,5.5,0.4242423985307637,0.45982639822214016,0.25,71.0,0.04741379310344827,5,0.6,11
2026,arvid_lindblad,rb,Monza,13,12,10,18.89664613278576,0,12,0,12,4.0,0,0,0,0.0,0.23076923076923078,tsunoda,3.0,1.0,1,0.3076923076923077,1.0,-0.11538461538461539,-0.3333333333333333,1.1458884756242693,1,10.0,10.846153846153847,7.0,-1.0,5.0,0.0,0.23076923076923078,10.961538461538462,11.076923076923077,2.076923076923077,9,0.8024690070111469,0.5191363658338219,0,27.0,53.0,0.018947368421052633,10,0.5714285714285714,0.38028169014084506,71.0,5.461538461538462,0.6103286012475501,0.4834112008123791,0.23076923076923078,71.0,0.047555257870060284,5,0.6,11
2026,lawson,rb,Melbourne,1,0,22,24.383299110198493,3,35,1,22,0.0,0,0,0,0.0,0.0,arvid_lindblad,-4.0,0.0,0,0.0,-5.0,-5.0,-5.0,0.9999999230769291,1,8.0,8.0,1.0,0.0,0.0,0.0,0.0,8.0,13.0,0.0,0,0.0,1.0,0,0.0,0.0,0.0,11,0.5238095238095238,0.0,4.0,4.0,0.3333333055555579,1.0,0.0,52.0,0.039603960396039604,6,0.5,10
2026,lawson,rb,Shanghai,2,1,21,24.383299110198493,3,36,1,23,8.0,0,0,0,0.0,0.0,arvid_lindblad,8.0,0.0,1,0.5,6.5,0.75,0.75,0.99999990000001,1,14.0,11.0,1.0,-0.5,8.0,0.0,0.0,10.75,10.0,4.0,1,0.6666666111111158,0.4142136230332606,0,8.0,92.0,0.03361344537815126,8,0.6666666666666667,0.6666666666666666,12.0,6.0,0.6666666296296316,0.6796227952722326,0.5,78.0,0.05042016806722689,5,0.6,10
2026,lawson,rb,Suzuka,3,2,20,24.383299110198493,3,37,1,24,2.0,0,0,0,0.0,0.0,arvid_lindblad,2.0,0.0,1,0.6666666666666666,5.0,2.1666666666666665,2.1666666666666665,0.9999998965517349,1,14.0,12.0,-4.0,0.0,10.0,0.0,0.0,11.833333333333334,9.666666666666666,3.3333333333333335,2,0.99999990000001,0.44464221636578466,0,10.0,76.66666666666667,0.029498525073746312,10,0.5714285714285714,0.7142857142857143,14.0,4.666666666666667,0.9999999285714337,0.6043561274988496,0.3333333333333333,60.66666666666667,0.04129793510324484,6,0.5,10
2026,lawson,rb,Miami Gardens,4,3,19,24.383299110198493,3,38,1,25,0.0,1,0,1,0.0,0.25,arvid_lindblad,0.0,4.0,1,0.75,-4.0,0.625,2.5,1.045454450413232,1,11.0,11.75,5.0,2.0,10.0,1.0,0.25,12.125,11.5,2.5,2,1.3333331555555792,0.3977131568046848,0,10.0,57.5,0.02100840336134454,9,0.6190476190476191,0.7142857142857143,14.0,3.5,0.9523808616780133,0.5060985394987383,0.5,45.5,0.029411764705882353,7,0.4,10
2026,lawson,rb,Montréal,5,4,18,24.383299110198493,3,39,1,26,6.0,0,0,0,0.0,0.2,arvid_lindblad,5.0,-3.0,1,0.8,6.0,1.7,2.3333333333333335,0.9428570620408233,1,12.0,11.8,-3.0,3.0,8.0,1.0,0.2,12.7,11.0,3.2,3,0.8333332465277867,0.46830323988344474,0,16.0,73.6,0.026101141924959218,10,0.5714285714285714,0.7619047619047619,21.0,4.2,0.7142856575963763,0.5565391199781461,0.6,54.6,0.03425774877650897,6,0.5,10
2026,lawson,rb,Monaco,6,5,17,24.383299110198493,3,40,1,27,8.0,0,0,0,0.0,0.16666666666666666,arvid_lindblad,2.0,0.0,1,0.8333333333333334,4.0,2.0833333333333335,2.0,0.9531249106445397,1,10.0,11.5,5.0,0.0,14.0,1.0,0.16666666666666666,12.25,10.166666666666666,4.0,4,1.1666665694444527,0.56918033161456,0,24.0,105.6,0.03361344537815126,9,0.6190476190476191,0.6857142857142857,35.0,5.833333333333333,1.1999999314285752,0.530120607311619,0.5,78.4,0.049019607843137254,6,0.5,10
2026,lawson,rb,Barcelona,7,6,16,24.383299110198493,3,41,1,28,4.0,0,0,0,0.0,0.14285714285714285,arvid_lindblad,2.0,2.0,1,0.8571428571428571,0.0,1.7857142857142858,3.3333333333333335,1.2857141180124443,1,8.0,11.0,3.0,0.0,18.0,0.0,0.14285714285714285,11.642857142857142,9.857142857142858,4.0,5,1.4999998750000105,0.5584816215327153,0,28.0,92.0,0.0343558282208589,10,0.5714285714285714,0.6829268292682927,41.0,5.857142857142857,1.536585278405716,0.5176860521110893,0.42857142857142855,75.8,0.05030674846625767,6,0.5,10
2026,lawson,rb,Spielberg,8,7,15,24.383299110198493,3,42,1,29,2.0,0,0,0,0.0,0.125,arvid_lindblad,1.0,-4.0,1,0.875,0.0,1.5625,1.3333333333333333,1.271738964555787,1,9.0,10.75,1.0,0.0,14.0,0.0,0.125,11.3125,9.75,3.75,6,1.2444443338271705,0.5584816215327153,0,30.0,90.0,0.03275109170305677,9,0.6190476190476191,0.6818181818181818,44.0,5.5,1.3939393094582235,0.5336158714660261,0.375,74.0,0.048034934497816595,6,0.5,10
2026,lawson,rb,Silverstone,9,8,14,24.383299110198493,3,43,1,30,9.0,0,0,0,0.0,0.1111111111111111,arvid_lindblad,3.0,1.0,1,0.8888888888888888,2.5,1.6666666666666667,0.8333333333333334,1.1805554079861298,1,10.0,10.666666666666666,-1.0,-0.5,15.0,0.0,0.1111111111111111,11.11111111111111,9.444444444444445,4.333333333333333,7,1.1538460650887643,0.6694704613670676,0,39.0,120.2,0.037037037037037035,10,0.5714285714285714,0.6610169491525424,59.0,6.555555555555555,1.220338920999716,0.6318430507499886,0.3333333333333333,95.0,0.0560303893637227,6,0.5,10
2026,lawson,rb,Spa-Francorchamps,10,9,13,24.383299110198493,3,44,1,31,0.0,0,0,0,0.0,0.1,arvid_lindblad,-2.0,-4.0,0,0.8,-3.0,1.2,-0.16666666666666666,1.0392856029336854,1,11.0,10.7,-3.0,-2.0,11.0,0.0,0.1,10.9,9.7,3.9,7,0.9401708598144566,0.5445671393346422,0,39.0,98.8,0.033795493934142114,10,0.5714285714285714,0.639344262295082,61.0,6.1,1.092896115142289,0.566422866333836,0.3,85.0,0.05285961871750433,5,0.6,10
2026,lawson,rb,Budapest,11,10,12,24.383299110198493,3,45,1,32,4.0,0,0,0,0.0,0.09090909090909091,arvid_lindblad,3.0,2.0,1,0.8181818181818182,3.0,1.3636363636363635,0.8333333333333334,1.060605942760956,1,11.0,10.727272727272727,-2.0,0.0,13.0,0.0,0.09090909090909091,10.909090909090908,9.545454545454545,3.909090909090909,8,1.1085270372573846,0.5317184595623831,0,43.0,88.6,0.034262948207171316,9,0.6190476190476191,0.6515151515151515,66.0,6.0,1.2222221543209915,0.5454287884348337,0.2727272727272727,78.4,0.05258964143426295,5,0.6,10
2026,lawson,red_bull,Zandvoort,12,11,11,24.383299110198493,3,46,0,0,6.0,0,0,0,0.0,0.08333333333333333,max_verstappen,3.0,0.0,1,0.8333333333333334,0.5,1.2916666666666667,0.16666666666666666,0.9827585190249809,1,8.0,10.5,-1.0,1.5,10.0,0.0,0.08333333333333333,10.791666666666666,9.5,4.083333333333333,9,0.81632646397335,0.5459615801382423,0,49.0,95.2,0.03700906344410876,7,0.7142857142857143,0.26344086021505375,186.0,15.5,1.2473118011330797,0.7108040698750546,0.4166666666666667,205.4,0.1336206896551724,4,0.7,10
2026,lawson,red_bull,Monza,13,12,10,24.383299110198493,3,47,0,1,0.0,0,0,0,0.0,0.07692307692307693,max_verstappen,-15.0,-13.0,0,0.7692307692307693,8.0,1.8076923076923077,3.8333333333333335,0.9528535058032588,1,14.0,10.76923076923077,-8.0,8.0,10.0,0.0,0.07692307692307693,11.653846153846153,9.846153846153847,3.769230769230769,9,0.8843536632884517,0.4935887553965759,0,49.0,87.0,0.0343859649122807,9,0.6190476190476191,0.24378109452736318,201.0,15.461538461538462,1.0779435920177998,0.7082504258819068,0.38461538461538464,201.0,0.1346282652377763,4,0.7,10
2026,tsunoda,rb,Zandvoort,12,0,11,26.138261464750173,5,114,0,0,0.0,0,0,0,0.0,0.0,arvid_lindblad,0.0,0.0,0,0.0,0.0,0.0,0.0,0.9999999166666736,1,12.0,12.0,-2.0,0.0,0.0,0.0,0.0,12.0,12.0,0.0,0,0.0,1.0,0,0.0,0.0,0.0,16,0.2857142857142857,0.0,66.0,5.5,0.4242423985307637,0.45982639822214016,0.25,71.0,0.04741379310344827,5,0.6,20
2026,tsunoda,rb,Monza,13,1,10,26.138261464750173,5,115,0,1,1.0,0,0,0,0.0,0.0,arvid_lindblad,-3.0,0.0,0,0.0,5.0,2.5,2.5,0.9999999090909174,1,17.0,14.5,-7.0,-2.0,1.0,0.0,0.0,13.5,11.0,0.5,1,0.6666662222225186,0.4142140476540673,0,1.0,6.0,0.0007017543859649122,17,0.23809523809523814,0.014084507042253521,71.0,5.461538461538462,0.6103286012475501,0.4834112008123791,0.23076923076923078,71.0,0.047555257870060284,5,0.6,20
2026,hadjar,red_bull,Melbourne,1,0,22,21.754962354551676,1,24,0,0,0.0,1,0,1,0.0,1.0,max_verstappen,-8.0,0.0,0,0.0,-17.0,-17.0,-17.0,0.9999999500000024,1,3.0,3.0,17.0,0.0,0.0,1.0,1.0,3.0,20.0,0.0,0,0.0,1.0,0,0.0,0.0,0.0,11,0.5238095238095238,0.0,8.0,8.0,0.333333319444445,1.0,1.0,104.0,0.07920792079207921,4,0.7,8
2026,hadjar,red_bull,Shanghai,2,1,21,21.754962354551676,1,25,0,1,4.0,0,0,0,0.0,0.5,max_verstappen,4.0,0.0,1,0.5,-2.0,-9.5,-9.5,0.9999999365079406,1,9.0,6.0,-1.0,0.5,4.0,1.0,0.5,6.25,15.75,2.0,1,0.6666665555555741,0.4142136836934135,0,4.0,46.0,0.01680672268907563,9,0.6190476190476191,0.3333333333333333,12.0,6.0,0.6666666296296316,0.6796227952722326,1.0,78.0,0.05042016806722689,5,0.6,8
2026,hadjar,red_bull,Suzuka,3,2,20,21.754962354551676,1,26,0,2,0.0,0,0,0,0.0,0.3333333333333333,max_verstappen,-4.0,0.0,0,0.3333333333333333,-4.0,-7.666666666666667,-7.666666666666667,0.9999999310344876,1,8.0,6.666666666666667,3.0,0.0,4.0,1.0,0.3333333333333333,6.833333333333333,14.5,1.3333333333333333,1,0.9999997500000625,0.36602557782249645,0,4.0,30.666666666666664,0.011799410029498525,11,0.5238095238095238,0.25,16.0,5.333333333333333,0.9999999375000038,0.6978305602848611,0.6666666666666666,69.33333333333333,0.0471976401179941,5,0.6,8
2026,hadjar,red_bull,Miami Gardens,4,3,19,21.754962354551676,1,27,0,3,0.0,1,0,1,0.0,0.5,max_verstappen,-14.0,-6.0,0,0.25,0.0,-5.75,-2.0,1.134615297337285,1,22.0,10.5,-20.0,-6.5,4.0,1.0,0.5,9.0,14.75,1.0,1,1.333332888889037,0.3333335555554815,0,4.0,23.0,0.008403361344537815,11,0.5238095238095238,0.13333333333333333,30.0,7.5,0.9777777343209896,0.6134560356397936,0.75,97.5,0.06302521008403361,4,0.7,8
2026,hadjar,red_bull,Montréal,5,4,18,21.754962354551676,1,28,0,4,10.0,0,0,0,0.0,0.4,max_verstappen,-7.0,-11.0,0,0.2,-5.5,-5.7,-3.1666666666666665,1.0666665876543269,1,7.0,9.8,-1.0,0.5,10.0,1.0,0.4,8.7,14.4,2.8,2,1.1904760487528516,0.3898755504576279,0,14.0,64.4,0.022838499184339316,12,0.47619047619047616,0.24561403508771928,57.0,11.4,1.3157894352108352,0.5419983382824797,0.6,148.2,0.0929853181076672,4,0.7,8
2026,hadjar,red_bull,Monaco,6,5,17,21.754962354551676,1,29,0,5,12.0,0,0,0,0.0,0.3333333333333333,max_verstappen,12.0,16.0,1,0.3333333333333333,1.0,-4.583333333333333,-1.5,1.169230661301785,1,5.0,9.0,-3.0,0.0,22.0,1.0,0.3333333333333333,8.083333333333334,12.666666666666666,4.333333333333333,3,1.6923075621301875,0.48212006989990963,0,26.0,114.4,0.036414565826330535,8,0.6666666666666667,0.37681159420289856,69.0,11.5,1.536231839529512,0.5636516468795668,0.6666666666666666,154.39999999999998,0.09663865546218488,4,0.7,8
2026,hadjar,red_bull,Barcelona,7,6,16,21.754962354551676,1,30,0,6,8.0,0,0,0,0.0,0.2857142857142857,max_verstappen,-4.0,10.0,0,0.2857142857142857,0.0,-3.9285714285714284,-1.5,1.5279501112611655,1,6.0,8.571428571428571,-1.0,0.0,30.0,0.0,0.2857142857142857,7.785714285714286,11.714285714285714,4.857142857142857,4,2.058823388119964,0.5147186673919865,0,34.0,130.0,0.04171779141104295,9,0.6190476190476191,0.38202247191011235,89.0,12.714285714285714,1.5468164388475094,0.6403672877289992,0.5714285714285714,181.4,0.10920245398773006,4,0.7,8
2026,hadjar,red_bull,Spielberg,8,7,15,21.754962354551676,1,31,0,7,8.0,0,0,0,0.0,0.25,max_verstappen,-10.0,-3.0,0,0.25,2.0,-3.1875,1.0,2.0624996132813225,1,8.0,8.5,-3.0,0.0,28.0,0.0,0.25,7.8125,11.0,5.25,5,1.7777776649030055,0.6249639669056434,0,42.0,156.0,0.04585152838427948,7,0.7142857142857143,0.3652173913043478,115.0,14.375,1.3449275050451595,0.7444432431664803,0.5,214.0,0.12554585152838427,4,0.7,8
2026,hadjar,red_bull,Silverstone,9,8,14,21.754962354551676,1,32,0,8,10.0,0,0,0,0.0,0.2222222222222222,max_verstappen,7.0,-5.0,1,0.3333333333333333,-0.5,-2.888888888888889,0.5,1.6666664035088135,1,5.0,8.11111111111111,2.0,1.5,26.0,0.0,0.2222222222222222,7.666666666666667,10.555555555555555,5.777777777777778,6,1.4999999134615434,0.8515681363822474,0,52.0,186.4,0.04938271604938271,8,0.6666666666666667,0.40625,128.0,14.222222222222221,1.382812467590333,0.7362499080640239,0.4444444444444444,206.4,0.12155745489078823,4,0.7,8
2026,hadjar,red_bull,Spa-Francorchamps,10,9,13,21.754962354551676,1,33,0,9,8.0,0,0,0,0.0,0.2,max_verstappen,-7.0,-3.0,0,0.3,15.0,-1.1,5.5,1.5947365903047488,1,10.0,8.3,-8.0,11.0,26.0,0.0,0.2,9.0,10.1,6.0,7,1.4444443641975353,0.8372119461204262,0,60.0,179.6,0.05199306759098787,8,0.6666666666666667,0.3973509933774834,151.0,15.1,1.368653391420455,0.7538081672912991,0.4,207.4,0.13084922010398614,4,0.7,8
2026,hadjar,red_bull,Budapest,11,10,12,21.754962354551676,1,34,0,10,8.0,0,0,0,0.0,0.18181818181818182,max_verstappen,-10.0,0.0,0,0.2727272727272727,2.0,-0.8181818181818182,5.5,1.5358849249559687,1,8.0,8.272727272727273,-2.0,0.0,26.0,0.0,0.18181818181818182,8.909090909090908,9.727272727272727,6.181818181818182,8,1.4019607087178048,0.9037673784100008,0,68.0,168.8,0.054183266932270914,8,0.6666666666666667,0.384180790960452,177.0,16.09090909090909,1.2843690882710737,0.7996165634086786,0.36363636363636365,220.2,0.14103585657370518,4,0.7,8
2026,max_verstappen,red_bull,Melbourne,1,0,22,28.750171115674195,8,173,8,173,8.0,0,0,0,0.0,0.0,hadjar,8.0,0.0,1,1.0,14.0,14.0,14.0,0.9999998333333611,0,20.0,20.0,-17.0,0.0,8.0,0.0,0.0,20.0,6.0,8.0,1,0.333333319444445,1.0,0,8.0,184.0,0.07920792079207921,6,0.7619047619047619,1.0,8.0,8.0,0.333333319444445,1.0,1.0,104.0,0.07920792079207921,4,0.7,6
2026,max_verstappen,red_bull,Shanghai,2,1,21,28.750171115674195,8,174,8,174,0.0,1,0,1,0.0,0.5,hadjar,-4.0,0.0,0,0.5,-4.5,4.75,4.75,0.9999998918919036,1,8.0,14.0,1.0,0.0,8.0,1.0,0.5,14.0,9.25,4.0,1,0.6666666111111158,0.4142136230332606,0,8.0,92.0,0.03361344537815126,8,0.6666666666666667,0.6666666666666666,12.0,6.0,0.6666666296296316,0.6796227952722326,1.0,78.0,0.05042016806722689,5,0.6,6
2026,max_verstappen,red_bull,Suzuka,3,2,20,28.750171115674195,8,175,8,175,4.0,0,0,0,0.0,0.3333333333333333,hadjar,4.0,0.0,1,0.6666666666666666,3.0,4.166666666666667,4.166666666666667,0.9999998867924658,1,11.0,13.0,-3.0,0.0,12.0,1.0,0.3333333333333333,13.0,8.833333333333334,4.0,2,0.9999999166666736,0.5000000624999922,0,12.0,92.0,0.035398230088495575,9,0.6190476190476191,0.75,16.0,5.333333333333333,0.9999999375000038,0.6978305602848611,0.6666666666666666,69.33333333333333,0.0471976401179941,5,0.6,6
2026,max_verstappen,red_bull,Miami Gardens,4,3,19,28.750171115674195,8,176,8,176,14.0,0,0,0,0.0,0.25,hadjar,14.0,6.0,1,0.75,-1.5,2.75,-1.0,0.9264704792387672,1,2.0,10.25,20.0,1.5,18.0,1.0,0.25,10.625,7.875,6.5,3,0.9230768757396474,0.5211608669193316,0,26.0,149.5,0.0546218487394958,6,0.7619047619047619,0.8666666666666667,30.0,7.5,0.9777777343209896,0.6134560356397936,0.75,97.5,0.06302521008403361,4,0.7,6
2026,max_verstappen,red_bull,Montréal,5,4,18,28.750171115674195,8,177,8,177,17.0,0,0,0,0.0,0.2,hadjar,7.0,11.0,1,0.8,1.5,2.5,1.0,1.2166664638889226,1,6.0,9.4,1.0,0.5,35.0,0.0,0.2,9.8,7.3,8.6,4,1.3565890947058492,0.5517878969530162,1,43.0,197.79999999999998,0.0701468189233279,7,0.7142857142857143,0.7543859649122807,57.0,11.4,1.3157894352108352,0.5419983382824797,0.6,148.2,0.0929853181076672,4,0.7,6
2026,max_verstappen,red_bull,Monaco,6,5,17,28.750171115674195,8,178,8,178,0.0,1,0,1,0.0,0.3333333333333333,hadjar,-12.0,-16.0,0,0.6666666666666666,-20.0,-1.25,-6.666666666666667,0.9140624143066488,1,2.0,8.166666666666666,3.0,0.0,31.0,1.0,0.3333333333333333,8.5,9.75,7.166666666666667,4,1.4418603980530047,0.46666670222221984,1,43.0,162.0,0.06022408963585434,6,0.7619047619047619,0.6231884057971014,69.0,11.5,1.536231839529512,0.5636516468795668,0.6666666666666666,154.39999999999998,0.09663865546218488,4,0.7,6
2026,max_verstappen,red_bull,Barcelona,7,6,16,28.750171115674195,8,179,8,179,12.0,0,0,0,0.0,0.2857142857142857,hadjar,4.0,-10.0,1,0.7142857142857143,1.0,-0.9285714285714286,-5.833333333333333,0.8640552159209238,1,5.0,7.714285714285714,1.0,0.0,29.0,1.0,0.2857142857142857,8.0,8.928571428571429,7.857142857142857,5,1.2303029781083585,0.5687521133843528,1,55.0,205.4,0.06748466257668712,7,0.7142857142857143,0.6179775280898876,89.0,12.714285714285714,1.5468164388475094,0.6403672877289992,0.5714285714285714,181.4,0.10920245398773006,4,0.7,6
2026,max_verstappen,red_bull,Spielberg,8,7,15,28.750171115674195,8,180,8,180,18.0,0,0,0,0.0,0.25,hadjar,10.0,3.0,1,0.75,3.0,-0.4375,-5.333333333333333,0.8638391931600865,1,5.0,7.375,3.0,0.0,30.0,1.0,0.25,7.625,8.0625,9.125,6,1.0958903709263792,0.6280580456712304,2,73.0,256.0,0.07969432314410481,6,0.7619047619047619,0.6347826086956522,115.0,14.375,1.3449275050451595,0.7444432431664803,0.5,214.0,0.12554585152838427,4,0.7,6
2026,max_verstappen,red_bull,Silverstone,9,8,14,28.750171115674195,8,181,8,181,3.0,0,0,0,0.0,0.2222222222222222,hadjar,-7.0,5.0,0,0.6666666666666666,-8.0,-1.2777777777777777,-1.3333333333333333,1.359648908125611,1,7.0,7.333333333333333,-2.0,-2.0,33.0,0.0,0.2222222222222222,7.333333333333333,8.61111111111111,8.444444444444445,7,1.3026315275277027,0.550819960517838,2,76.0,216.0,0.0721747388414055,7,0.7142857142857143,0.59375,128.0,14.222222222222221,1.382812467590333,0.7362499080640239,0.4444444444444444,206.4,0.12155745489078823,4,0.7,6
2026,max_verstappen,red_bull,Spa-Francorchamps,10,9,13,28.750171115674195,8,182,8,182,15.0,0,0,0,0.0,0.2,hadjar,7.0,3.0,1,0.7,-1.0,-1.25,-2.0,1.341666443055593,1,2.0,6.8,8.0,0.0,36.0,0.0,0.2,6.8,8.05,9.1,8,1.3186812703779756,0.552826402149658,3,91.0,215.8,0.07885615251299827,7,0.7142857142857143,0.6026490066225165,151.0,15.1,1.368653391420455,0.7538081672912991,0.4,207.4,0.13084922010398614,4,0.7,6
2026,max_verstappen,red_bull,Budapest,11,10,12,28.750171115674195,8,183,8,183,18.0,0,0,0,0.0,0.18181818181818182,hadjar,10.0,0.0,1,0.7272727272727273,2.0,-0.9545454545454546,-2.3333333333333335,1.2499997916667014,1,6.0,6.7272727272727275,2.0,-2.0,36.0,0.0,0.18181818181818182,6.545454545454546,7.5,9.909090909090908,9,1.2110091335746163,0.6796790207788401,4,109.0,267.4,0.08685258964143426,6,0.7619047619047619,0.615819209039548,177.0,16.09090909090909,1.2843690882710737,0.7996165634086786,0.36363636363636365,220.2,0.14103585657370518,4,0.7,6
2026,max_verstappen,red_bull,Zandvoort,12,11,11,28.750171115674195,8,184,8,184,3.0,1,0,1,0.0,0.25,lawson,-3.0,4.0,0,0.6666666666666666,-7.5,-1.5,-2.1666666666666665,1.2697366416205302,1,7.0,6.75,1.0,-0.5,36.0,1.0,0.25,6.541666666666667,8.041666666666666,9.333333333333334,10,1.28571423979592,0.5948248118110954,4,112.0,237.4,0.08459214501510574,5,0.8095238095238095,0.6021505376344086,186.0,15.5,1.2473118011330797,0.7108040698750546,0.4166666666666667,205.4,0.1336206896551724,4,0.7,6
2026,max_verstappen,red_bull,Monza,13,12,10,28.750171115674195,8,185,8,185,15.0,0,0,0,0.0,0.23076923076923078,lawson,15.0,8.0,1,0.6923076923076923,2.0,-1.2307692307692308,-1.1666666666666667,1.2085018334754192,1,6.0,6.6923076923076925,8.0,-1.0,36.0,1.0,0.23076923076923078,6.423076923076923,7.653846153846154,9.76923076923077,11,1.228346414780831,0.5991692824707182,5,127.0,235.0,0.08912280701754385,6,0.7619047619047619,0.6318407960199005,201.0,15.461538461538462,1.0779435920177998,0.7082504258819068,0.38461538461538464,201.0,0.1346282652377763,4,0.7,6
2026,albon,williams,Melbourne,1,0,22,30.272416153319643,6,129,4,91,0.0,0,0,0,0.0,0.0,sainz,0.0,0.0,1,1.0,3.0,3.0,3.0,0.9999999166666736,1,15.0,15.0,6.0,0.0,0.0,0.0,0.0,15.0,12.0,0.0,0,0.0,1.0,0,0.0,0.0,0.0,11,0.5238095238095238,0.5,0.0,0.0,0.0,1.0,0.0,0.0,0.0,9,0.19999999999999996,17
2026,albon,williams,Shanghai,2,1,21,30.272416153319643,6,130,4,92,0.0,1,0,1,0.0,0.5,sainz,-2.0,0.0,0,0.5,3.0,3.0,3.0,0.9999999354838752,1,18.0,16.5,-1.0,4.0,0.0,1.0,0.5,18.5,15.5,0.0,0,0.0,1.0,0,0.0,0.0,0.0,13,0.4285714285714286,0.0,2.0,1.0,0.6666664444445185,0.4142138050136816,0.5,13.0,0.008403361344537815,7,0.4,17
2026,albon,williams,Suzuka,3,2,20,30.272416153319643,6,131,4,93,0.0,0,0,0,0.0,0.3333333333333333,sainz,0.0,0.0,0,0.3333333333333333,-3.0,1.0,1.0,0.999999941176474,1,17.0,16.666666666666668,-1.0,0.0,0.0,1.0,0.3333333333333333,18.0,17.0,0.0,0,0.0,1.0,0,0.0,0.0,0.0,14,0.38095238095238093,0.0,2.0,0.6666666666666666,0.99999950000025,0.3660257518604589,0.3333333333333333,8.666666666666666,0.0058997050147492625,7,0.4,17
2026,albon,williams,Miami Gardens,4,3,19,30.272416153319643,6,132,4,94,1.0,0,0,0,0.0,0.25,sainz,-1.0,-1.0,0,0.25,2.5,1.375,0.8333333333333334,0.919811268689928,1,15.0,16.25,-2.0,1.5,1.0,1.0,0.25,17.625,16.25,0.25,1,1.333331555557926,0.33333422222103704,0,1.0,5.75,0.0021008403361344537,13,0.4285714285714286,0.2,5.0,1.25,1.3333329777778726,0.4545456528924898,0.25,16.25,0.01050420168067227,8,0.30000000000000004,17
2026,albon,williams,Montréal,5,4,18,30.272416153319643,6,133,4,95,0.0,1,0,1,0.0,0.4,sainz,-2.0,0.0,0,0.2,0.0,1.1,-0.16666666666666666,0.9444443919753115,1,18.0,16.6,-3.0,2.0,1.0,1.0,0.4,18.1,17.0,0.2,1,1.6666638888935181,0.30901806200075566,0,1.0,4.6,0.0016313213703099511,16,0.2857142857142857,0.14285714285714285,7.0,1.4,1.190475907029546,0.5106432966165562,0.4,18.2,0.011419249592169658,8,0.30000000000000004,17
2026,albon,williams,Monaco,6,5,17,30.272416153319643,6,134,4,96,4.0,0,0,0,0.0,0.3333333333333333,sainz,4.0,4.0,1,0.3333333333333333,3.0,1.4166666666666667,1.8333333333333333,1.1071427780612302,1,11.0,15.666666666666666,1.0,0.0,5.0,1.0,0.3333333333333333,16.916666666666668,15.5,0.8333333333333334,2,1.99999920000032,0.36602563583516123,0,5.0,22.0,0.0070028011204481795,14,0.38095238095238093,0.45454545454545453,11.0,1.8333333333333333,1.6363633388430292,0.5973003614837209,0.3333333333333333,26.400000000000002,0.015406162464985995,8,0.30000000000000004,17
2026,albon,williams,Barcelona,7,6,16,30.272416153319643,6,135,4,97,0.0,1,0,1,0.0,0.42857142857142855,sainz,0.0,1.0,0,0.2857142857142857,0.0,1.2142857142857142,1.0,1.0341614232379197,1,18.0,16.0,-2.0,0.0,4.0,2.0,0.42857142857142855,17.071428571428573,15.857142857142858,0.7142857142857143,2,1.866665795555962,0.36602563583516123,0,5.0,21.0,0.006134969325153374,15,0.33333333333333337,0.45454545454545453,11.0,1.5714285714285714,1.272727002754878,0.5015529488950815,0.42857142857142855,21.8,0.013496932515337423,8,0.30000000000000004,17
2026,albon,williams,Spielberg,8,7,15,30.272416153319643,6,136,4,98,0.0,0,0,0,0.0,0.375,sainz,0.0,2.0,1,0.375,1.0,1.1875,1.3333333333333333,1.1162789918875122,1,18.0,16.25,-1.0,0.0,4.0,1.0,0.375,17.1875,16.0,0.625,2,2.1333321955561626,0.36602563583516123,0,5.0,20.0,0.0054585152838427945,14,0.38095238095238093,0.45454545454545453,11.0,1.375,0.9696967346189734,0.5015529488950815,0.5,20.0,0.012008733624454149,8,0.30000000000000004,17
2026,albon,williams,Silverstone,9,8,14,30.272416153319643,6,137,4,99,0.0,1,0,1,0.0,0.4444444444444444,sainz,0.0,-4.0,0,0.3333333333333333,-0.5,1.0,0.16666666666666666,0.9021406231237576,1,16.0,16.22222222222222,-1.0,3.0,0.0,2.0,0.4444444444444444,17.38888888888889,16.38888888888889,0.5555555555555556,2,0.0,0.3090172612817088,0,5.0,16.200000000000003,0.004748338081671415,14,0.38095238095238093,0.45454545454545453,11.0,1.2222222222222223,0.0,0.4014918243374772,0.5555555555555556,15.8,0.010446343779677113,8,0.30000000000000004,17
2026,albon,williams,Spa-Francorchamps,10,9,13,30.272416153319643,6,138,4,100,0.0,0,0,0,0.0,0.4,sainz,0.0,0.0,1,0.4,0.0,0.9,0.16666666666666666,0.9466018866057152,1,17.0,16.3,-2.0,-2.0,0.0,1.0,0.4,17.15,16.25,0.5,2,0.0,0.3090172612817088,0,5.0,15.4,0.004332755632582322,16,0.2857142857142857,0.45454545454545453,11.0,1.1,0.0,0.3090172612817088,0.5,13.4,0.009532062391681109,7,0.4,17
2026,albon,williams,Budapest,11,10,12,30.272416153319643,6,139,4,101,0.0,0,0,0,0.0,0.36363636363636365,sainz,0.0,0.0,1,0.45454545454545453,2.0,1.0,0.5,0.9505736427732916,1,19.0,16.545454545454547,-1.0,0.0,0.0,1.0,0.36363636363636365,17.318181818181817,16.318181818181817,0.45454545454545453,2,0.0,1.0,0,5.0,5.0,0.00398406374501992,16,0.2857142857142857,0.45454545454545453,11.0,1.0,0.0,1.0,0.45454545454545453,11.0,0.008764940239043825,9,0.19999999999999996,17
2026,albon,williams,Zandvoort,12,11,11,30.272416153319643,6,140,4,102,0.0,0,0,0,0.0,0.3333333333333333,sainz,0.0,0.0,1,0.5,-0.5,0.875,0.5,1.0103092158571616,1,16.0,16.5,1.0,0.0,0.0,0.0,0.3333333333333333,17.208333333333332,16.333333333333332,0.4166666666666667,2,0.0,1.0,0,5.0,5.0,0.0037764350453172208,14,0.38095238095238093,0.45454545454545453,11.0,0.9166666666666666,0.0,1.0,0.4166666666666667,11.0,0.007902298850574713,9,0.19999999999999996,17
2026,albon,williams,Monza,13,12,10,30.272416153319643,6,141,4,103,0.0,0,0,0,0.0,0.3076923076923077,sainz,0.0,0.0,0,0.46153846153846156,3.0,1.0384615384615385,1.5,0.9733434303725913,1,18.0,16.615384615384617,-3.0,2.0,0.0,0.0,0.3076923076923077,17.423076923076923,16.384615384615383,0.38461538461538464,2,0.0,1.0,0,5.0,5.0,0.0035087719298245615,15,0.33333333333333337,0.45454545454545453,11.0,0.8461538461538461,0.0,1.0,0.38461538461538464,11.0,0.007367716008037508,8,0.30000000000000004,17
2026,sainz,williams,Melbourne,1,0,22,31.83025325119781,8,172,1,24,0.0,0,0,0,0.0,0.0,albon,0.0,0.0,0,0.0,6.0,6.0,6.0,0.9999999333333378,0,21.0,21.0,-6.0,0.0,0.0,0.0,0.0,21.0,15.0,0.0,0,0.0,1.0,0,0.0,0.0,0.0,11,0.5238095238095238,0.5,0.0,0.0,0.0,1.0,0.0,0.0,0.0,9,0.19999999999999996,15
2026,sainz,williams,Shanghai,2,1,21,31.83025325119781,8,173,1,25,2.0,0,0,0,0.0,0.0,albon,2.0,0.0,1,0.5,6.5,6.25,6.25,0.9999999215686337,1,17.0,19.0,1.0,0.0,2.0,0.0,0.0,19.0,12.75,1.0,1,0.6666664444445185,0.4142138050136816,0,2.0,23.0,0.008403361344537815,11,0.5238095238095238,1.0,2.0,1.0,0.6666664444445185,0.4142138050136816,0.5,13.0,0.008403361344537815,7,0.4,15
2026,sainz,williams,Suzuka,3,2,20,31.83025325119781,8,174,1,26,0.0,0,0,0,0.0,0.0,albon,0.0,0.0,1,0.6666666666666666,1.0,4.5,4.5,0.9999999259259315,1,16.0,18.0,1.0,0.0,2.0,0.0,0.0,18.0,13.5,0.6666666666666666,1,0.99999950000025,0.3660257518604589,0,2.0,15.333333333333332,0.0058997050147492625,12,0.47619047619047616,1.0,2.0,0.6666666666666666,0.99999950000025,0.3660257518604589,0.3333333333333333,8.666666666666666,0.0058997050147492625,7,0.4,15
2026,sainz,williams,Miami Gardens,4,3,19,31.83025325119781,8,175,1,27,2.0,0,0,0,0.0,0.0,albon,1.0,1.0,1,0.75,2.5,4.0,3.3333333333333335,1.0582190911052802,1,13.0,16.75,2.0,0.5,4.0,0.0,0.0,16.875,12.875,1.0,2,1.333332888889037,0.46410186384894514,0,4.0,23.0,0.008403361344537815,11,0.5238095238095238,0.8,5.0,1.25,1.3333329777778726,0.4545456528924898,0.25,16.25,0.01050420168067227,8,0.30000000000000004,15
2026,sainz,williams,Montréal,5,4,18,31.83025325119781,8,176,1,28,2.0,0,0,0,0.0,0.0,albon,2.0,0.0,1,0.8,3.0,3.8,2.1666666666666665,1.0309858283673947,1,15.0,16.4,3.0,-2.5,4.0,0.0,0.0,16.0,12.2,1.2,3,1.1111108024692216,0.522774632849353,0,6.0,27.599999999999998,0.009787928221859706,13,0.4285714285714286,0.8571428571428571,7.0,1.4,1.190475907029546,0.5106432966165562,0.4,18.2,0.011419249592169658,8,0.30000000000000004,15
2026,sainz,williams,Monaco,6,5,17,31.83025325119781,8,177,1,29,0.0,0,0,0,0.0,0.0,albon,-4.0,-4.0,0,0.6666666666666666,-4.0,2.5,0.5,1.0547944338525124,1,12.0,15.666666666666666,-1.0,0.0,4.0,0.0,0.0,15.333333333333334,12.833333333333334,1.0,3,1.333332888889037,0.522774632849353,0,6.0,26.4,0.008403361344537815,13,0.4285714285714286,0.5454545454545454,11.0,1.8333333333333333,1.6363633388430292,0.5973003614837209,0.3333333333333333,26.400000000000002,0.015406162464985995,8,0.30000000000000004,15
2026,sainz,williams,Barcelona,7,6,16,31.83025325119781,8,178,1,30,0.0,0,0,0,0.0,0.0,albon,0.0,-1.0,1,0.7142857142857143,4.0,2.7142857142857144,1.0,1.017142775771435,1,16.0,15.714285714285714,2.0,0.0,2.0,0.0,0.0,15.428571428571429,12.714285714285714,0.8571428571428571,3,0.7777774753087596,0.42206475492216206,0,6.0,18.8,0.007361963190184049,14,0.38095238095238093,0.5454545454545454,11.0,1.5714285714285714,1.272727002754878,0.5015529488950815,0.42857142857142855,21.8,0.013496932515337423,8,0.30000000000000004,15
2026,sainz,williams,Spielberg,8,7,15,31.83025325119781,8,179,1,31,0.0,1,0,1,0.0,0.125,albon,0.0,-2.0,0,0.625,-3.0,2.0,-1.0,0.851562446777347,1,17.0,15.875,1.0,0.0,0.0,1.0,0.125,15.625,13.625,0.75,3,0.0,0.42206475492216206,0,6.0,18.0,0.006550218340611353,13,0.4285714285714286,0.5454545454545454,11.0,1.375,0.9696967346189734,0.5015529488950815,0.5,20.0,0.012008733624454149,8,0.30000000000000004,15
2026,sainz,williams,Silverstone,9,8,14,31.83025325119781,8,180,1,32,0.0,0,0,0,0.0,0.1111111111111111,albon,0.0,4.0,1,0.6666666666666666,-2.5,1.5,-0.5,0.8571428046647263,1,15.0,15.777777777777779,1.0,-0.5,0.0,1.0,0.1111111111111111,15.5,14.0,0.6666666666666666,3,0.0,0.30901752818826395,0,6.0,11.600000000000001,0.005698005698005698,13,0.4285714285714286,0.5454545454545454,11.0,1.2222222222222223,0.0,0.4014918243374772,0.5555555555555556,15.8,0.010446343779677113,8,0.30000000000000004,15
2026,sainz,williams,Spa-Francorchamps,10,9,13,31.83025325119781,8,181,1,33,0.0,0,0,0,0.0,0.1,albon,0.0,0.0,0,0.6,3.0,1.65,-0.8333333333333334,0.8037735394090448,1,15.0,15.7,2.0,4.0,0.0,1.0,0.1,15.85,14.2,0.6,3,0.0,1.0,0,6.0,6.0,0.005199306759098787,15,0.33333333333333337,0.5454545454545454,11.0,1.1,0.0,0.3090172612817088,0.5,13.4,0.009532062391681109,7,0.4,15
2026,sainz,williams,Budapest,11,10,12,31.83025325119781,8,182,1,34,0.0,0,0,0,0.0,0.09090909090909091,albon,0.0,0.0,0,0.5454545454545454,0.0,1.5,0.16666666666666666,0.8556149229317425,1,18.0,15.909090909090908,1.0,0.0,0.0,0.0,0.09090909090909091,16.045454545454547,14.545454545454545,0.5454545454545454,3,0.0,1.0,0,6.0,6.0,0.004780876494023904,15,0.33333333333333337,0.5454545454545454,11.0,1.0,0.0,1.0,0.45454545454545453,11.0,0.008764940239043825,9,0.19999999999999996,15
2026,sainz,williams,Zandvoort,12,11,11,31.83025325119781,8,183,1,35,0.0,0,0,0,0.0,0.08333333333333333,albon,0.0,0.0,0,0.5,1.0,1.4583333333333333,1.3333333333333333,0.8557691813979319,1,17.0,16.0,-1.0,2.0,0.0,0.0,0.08333333333333333,16.291666666666668,14.833333333333334,0.5,3,0.0,1.0,0,6.0,6.0,0.004531722054380665,13,0.4285714285714286,0.5454545454545454,11.0,0.9166666666666666,0.0,1.0,0.4166666666666667,11.0,0.007902298850574713,9,0.19999999999999996,15
2026,sainz,williams,Monza,13,12,10,31.83025325119781,8,184,1,36,0.0,0,0,0,0.0,0.07692307692307693,albon,0.0,0.0,1,0.5384615384615384,0.0,1.3461538461538463,0.3333333333333333,0.8995289873129819,1,15.0,15.923076923076923,3.0,-2.0,0.0,0.0,0.07692307692307693,16.03846153846154,14.692307692307692,0.46153846153846156,3,0.0,1.0,0,6.0,6.0,0.004210526315789474,14,0.38095238095238093,0.5454545454545454,11.0,0.8461538461538461,0.0,1.0,0.38461538461538464,11.0,0.007367716008037508,8,0.30000000000000004,15
